agent,seed,score,moves,max_tile
aléatoire,500000,378,50,48
aléatoire,500001,177,35,24
aléatoire,500002,99,24,12
aléatoire,500003,492,64,48
aléatoire,500004,225,38,24
aléatoire,500005,165,33,24
aléatoire,500006,186,38,24
aléatoire,500007,90,23,12
aléatoire,500008,147,30,24
aléatoire,500009,333,44,48
aléatoire,500010,81,20,12
aléatoire,500011,573,69,48
aléatoire,500012,75,21,12
aléatoire,500013,1137,97,96
aléatoire,500014,159,31,24
aléatoire,500015,372,48,48
aléatoire,500016,237,41,24
aléatoire,500017,381,50,48
aléatoire,500018,123,29,12
aléatoire,500019,63,17,12
aléatoire,500020,165,33,24
aléatoire,500021,165,33,24
aléatoire,500022,54,15,12
aléatoire,500023,159,32,24
aléatoire,500024,288,51,24
aléatoire,500025,216,37,24
aléatoire,500026,195,38,24
aléatoire,500027,246,43,24
aléatoire,500028,87,21,12
aléatoire,500029,231,42,24
aléatoire,500030,93,23,12
aléatoire,500031,186,36,24
aléatoire,500032,267,48,24
aléatoire,500033,411,52,48
aléatoire,500034,408,54,48
aléatoire,500035,240,43,24
aléatoire,500036,51,14,12
aléatoire,500037,363,52,48
aléatoire,500038,243,42,24
aléatoire,500039,93,23,12
aléatoire,500040,192,38,24
aléatoire,500041,285,48,24
aléatoire,500042,174,35,24
aléatoire,500043,393,49,48
aléatoire,500044,318,42,48
aléatoire,500045,201,35,24
aléatoire,500046,48,15,6
aléatoire,500047,186,36,24
aléatoire,500048,183,36,24
aléatoire,500049,336,44,48
aléatoire,500050,156,29,24
aléatoire,500051,168,33,24
aléatoire,500052,168,33,24
aléatoire,500053,327,44,48
aléatoire,500054,375,49,48
aléatoire,500055,210,35,24
aléatoire,500056,165,34,24
aléatoire,500057,384,51,48
aléatoire,500058,342,46,48
aléatoire,500059,264,48,24
aléatoire,500060,909,80,96
aléatoire,500061,450,62,48
aléatoire,500062,207,35,24
aléatoire,500063,228,39,24
aléatoire,500064,408,54,48
aléatoire,500065,480,58,48
aléatoire,500066,96,24,12
aléatoire,500067,435,56,48
aléatoire,500068,360,51,48
aléatoire,500069,153,31,24
aléatoire,500070,192,37,24
aléatoire,500071,66,19,12
aléatoire,500072,360,49,48
aléatoire,500073,252,44,24
aléatoire,500074,240,44,24
aléatoire,500075,375,48,48
aléatoire,500076,444,63,48
aléatoire,500077,162,33,24
aléatoire,500078,102,26,12
aléatoire,500079,348,48,48
aléatoire,500080,147,29,24
aléatoire,500081,393,53,48
aléatoire,500082,240,42,24
aléatoire,500083,405,53,48
aléatoire,500084,516,64,48
aléatoire,500085,93,24,12
aléatoire,500086,246,43,24
aléatoire,500087,606,73,48
aléatoire,500088,171,34,24
aléatoire,500089,111,21,24
aléatoire,500090,324,44,48
aléatoire,500091,165,32,24
aléatoire,500092,156,31,24
aléatoire,500093,84,21,12
aléatoire,500094,282,46,24
aléatoire,500095,231,41,24
aléatoire,500096,315,42,48
aléatoire,500097,84,21,12
aléatoire,500098,177,36,24
aléatoire,500099,144,33,12
aléatoire,500100,141,28,24
aléatoire,500101,81,21,12
aléatoire,500102,210,36,24
aléatoire,500103,405,54,48
aléatoire,500104,108,25,12
aléatoire,500105,177,36,24
aléatoire,500106,189,37,24
aléatoire,500107,402,52,48
aléatoire,500108,489,65,48
aléatoire,500109,99,25,12
aléatoire,500110,408,54,48
aléatoire,500111,318,42,48
aléatoire,500112,168,33,24
aléatoire,500113,333,56,24
aléatoire,500114,165,32,24
aléatoire,500115,168,33,24
aléatoire,500116,138,27,24
aléatoire,500117,273,49,24
aléatoire,500118,147,30,24
aléatoire,500119,270,43,24
aléatoire,500120,231,42,24
aléatoire,500121,495,66,48
aléatoire,500122,366,53,48
aléatoire,500123,207,41,24
aléatoire,500124,1161,93,96
aléatoire,500125,189,37,24
aléatoire,500126,150,35,12
aléatoire,500127,327,45,48
aléatoire,500128,348,47,48
aléatoire,500129,432,56,48
aléatoire,500130,162,33,24
aléatoire,500131,210,36,24
aléatoire,500132,93,22,12
aléatoire,500133,228,41,24
aléatoire,500134,234,41,24
aléatoire,500135,390,51,48
aléatoire,500136,618,70,48
aléatoire,500137,171,34,24
aléatoire,500138,123,29,12
aléatoire,500139,228,41,24
aléatoire,500140,225,45,24
aléatoire,500141,162,32,24
aléatoire,500142,159,31,24
aléatoire,500143,534,59,48
aléatoire,500144,453,64,48
aléatoire,500145,435,57,48
aléatoire,500146,144,32,12
aléatoire,500147,384,51,48
aléatoire,500148,180,36,24
aléatoire,500149,441,62,48
aléatoire,500150,171,33,24
aléatoire,500151,60,17,12
aléatoire,500152,177,35,24
aléatoire,500153,177,33,24
aléatoire,500154,195,40,24
aléatoire,500155,186,36,24
aléatoire,500156,201,40,24
aléatoire,500157,306,40,48
aléatoire,500158,906,71,96
aléatoire,500159,144,29,24
aléatoire,500160,210,37,24
aléatoire,500161,393,51,48
aléatoire,500162,144,29,24
aléatoire,500163,237,42,24
aléatoire,500164,843,91,48
aléatoire,500165,117,28,12
aléatoire,500166,516,55,48
aléatoire,500167,177,35,24
aléatoire,500168,87,22,12
aléatoire,500169,147,30,24
aléatoire,500170,183,36,24
aléatoire,500171,453,57,48
aléatoire,500172,216,42,24
aléatoire,500173,213,43,24
aléatoire,500174,207,41,24
aléatoire,500175,213,36,24
aléatoire,500176,369,47,48
aléatoire,500177,645,75,48
aléatoire,500178,525,73,48
aléatoire,500179,264,47,24
aléatoire,500180,246,43,24
aléatoire,500181,537,73,48
aléatoire,500182,315,43,48
aléatoire,500183,138,27,24
aléatoire,500184,342,45,48
aléatoire,500185,123,29,12
aléatoire,500186,396,54,48
aléatoire,500187,804,66,96
aléatoire,500188,1200,101,96
aléatoire,500189,216,38,24
aléatoire,500190,132,31,12
aléatoire,500191,183,36,24
aléatoire,500192,168,32,24
aléatoire,500193,408,53,48
aléatoire,500194,177,36,24
aléatoire,500195,180,34,24
aléatoire,500196,177,36,24
aléatoire,500197,114,27,12
aléatoire,500198,444,60,48
aléatoire,500199,351,59,24
aléatoire,500200,297,49,24
aléatoire,500201,225,40,24
aléatoire,500202,618,70,48
aléatoire,500203,210,36,24
aléatoire,500204,153,31,24
aléatoire,500205,222,39,24
aléatoire,500206,648,79,48
aléatoire,500207,444,60,48
aléatoire,500208,150,30,24
aléatoire,500209,402,55,48
aléatoire,500210,435,60,48
aléatoire,500211,435,60,48
aléatoire,500212,330,44,48
aléatoire,500213,369,47,48
aléatoire,500214,162,32,24
aléatoire,500215,171,34,24
aléatoire,500216,402,55,48
aléatoire,500217,390,51,48
aléatoire,500218,279,50,24
aléatoire,500219,81,22,12
aléatoire,500220,153,30,24
aléatoire,500221,447,62,48
aléatoire,500222,153,30,24
aléatoire,500223,474,59,48
aléatoire,500224,924,79,96
aléatoire,500225,180,36,24
aléatoire,500226,243,42,24
aléatoire,500227,447,56,48
aléatoire,500228,144,29,24
aléatoire,500229,180,36,24
aléatoire,500230,156,31,24
aléatoire,500231,120,29,12
aléatoire,500232,234,42,24
aléatoire,500233,120,29,12
aléatoire,500234,318,41,48
aléatoire,500235,429,55,48
aléatoire,500236,453,63,48
aléatoire,500237,186,36,24
aléatoire,500238,123,29,12
aléatoire,500239,405,53,48
aléatoire,500240,414,55,48
aléatoire,500241,417,56,48
aléatoire,500242,153,32,24
aléatoire,500243,861,71,96
aléatoire,500244,66,17,12
aléatoire,500245,198,39,24
aléatoire,500246,168,33,24
aléatoire,500247,423,53,48
aléatoire,500248,396,53,48
aléatoire,500249,66,18,12
aléatoire,500250,420,58,48
aléatoire,500251,351,48,48
aléatoire,500252,384,54,48
aléatoire,500253,177,36,24
aléatoire,500254,423,57,48
aléatoire,500255,168,33,24
aléatoire,500256,168,34,24
aléatoire,500257,399,54,48
aléatoire,500258,195,38,24
aléatoire,500259,309,41,48
aléatoire,500260,165,33,24
aléatoire,500261,357,47,48
aléatoire,500262,159,32,24
aléatoire,500263,432,56,48
aléatoire,500264,120,28,12
aléatoire,500265,378,52,48
aléatoire,500266,144,29,24
aléatoire,500267,72,20,12
aléatoire,500268,153,30,24
aléatoire,500269,117,24,24
aléatoire,500270,147,29,24
aléatoire,500271,198,39,24
aléatoire,500272,384,54,48
aléatoire,500273,336,55,24
aléatoire,500274,147,30,24
aléatoire,500275,306,51,24
aléatoire,500276,192,33,24
aléatoire,500277,99,24,12
aléatoire,500278,414,55,48
aléatoire,500279,192,38,24
aléatoire,500280,192,38,24
aléatoire,500281,312,42,48
aléatoire,500282,141,32,12
aléatoire,500283,93,23,12
aléatoire,500284,348,47,48
aléatoire,500285,357,50,48
aléatoire,500286,93,23,12
aléatoire,500287,585,71,48
aléatoire,500288,312,51,24
aléatoire,500289,57,18,6
aléatoire,500290,348,49,48
aléatoire,500291,153,30,24
aléatoire,500292,153,31,24
aléatoire,500293,231,41,24
aléatoire,500294,171,34,24
aléatoire,500295,168,34,24
aléatoire,500296,2337,114,192
aléatoire,500297,414,55,48
aléatoire,500298,270,48,24
aléatoire,500299,129,31,12
fusion,500000,633,74,48
fusion,500001,360,46,48
fusion,500002,486,64,48
fusion,500003,492,64,48
fusion,500004,144,28,24
fusion,500005,498,65,48
fusion,500006,501,68,48
fusion,500007,417,58,48
fusion,500008,1134,93,96
fusion,500009,438,56,48
fusion,500010,243,44,24
fusion,500011,138,27,24
fusion,500012,201,40,24
fusion,500013,177,35,24
fusion,500014,342,48,48
fusion,500015,300,36,48
fusion,500016,342,46,48
fusion,500017,333,44,48
fusion,500018,387,50,48
fusion,500019,360,46,48
fusion,500020,438,55,48
fusion,500021,396,52,48
fusion,500022,411,57,48
fusion,500023,870,75,96
fusion,500024,345,43,48
fusion,500025,243,42,24
fusion,500026,522,73,48
fusion,500027,885,80,96
fusion,500028,399,53,48
fusion,500029,192,37,24
fusion,500030,171,34,24
fusion,500031,90,22,12
fusion,500032,195,38,24
fusion,500033,630,71,48
fusion,500034,252,46,24
fusion,500035,153,30,24
fusion,500036,519,63,48
fusion,500037,495,69,48
fusion,500038,1221,98,96
fusion,500039,2421,134,192
fusion,500040,375,48,48
fusion,500041,330,43,48
fusion,500042,429,59,48
fusion,500043,411,57,48
fusion,500044,243,44,24
fusion,500045,576,65,48
fusion,500046,246,43,24
fusion,500047,357,47,48
fusion,500048,225,40,24
fusion,500049,564,74,48
fusion,500050,1164,101,96
fusion,500051,1449,120,96
fusion,500052,1137,101,96
fusion,500053,414,54,48
fusion,500054,420,54,48
fusion,500055,204,40,24
fusion,500056,273,49,24
fusion,500057,399,54,48
fusion,500058,180,37,24
fusion,500059,381,53,48
fusion,500060,177,35,24
fusion,500061,1263,108,96
fusion,500062,465,59,48
fusion,500063,1104,94,96
fusion,500064,1101,99,96
fusion,500065,192,33,24
fusion,500066,414,58,48
fusion,500067,483,65,48
fusion,500068,402,52,48
fusion,500069,969,85,96
fusion,500070,1158,92,96
fusion,500071,825,71,96
fusion,500072,855,71,96
fusion,500073,372,53,48
fusion,500074,543,74,48
fusion,500075,900,78,96
fusion,500076,132,31,12
fusion,500077,147,28,24
fusion,500078,147,30,24
fusion,500079,390,48,48
fusion,500080,432,54,48
fusion,500081,468,61,48
fusion,500082,423,59,48
fusion,500083,405,54,48
fusion,500084,180,36,24
fusion,500085,567,65,48
fusion,500086,222,39,24
fusion,500087,1125,87,96
fusion,500088,501,64,48
fusion,500089,963,90,96
fusion,500090,471,61,48
fusion,500091,237,43,24
fusion,500092,441,56,48
fusion,500093,126,29,12
fusion,500094,486,64,48
fusion,500095,177,36,24
fusion,500096,414,57,48
fusion,500097,1287,90,96
fusion,500098,981,91,96
fusion,500099,147,29,24
fusion,500100,972,86,96
fusion,500101,153,30,24
fusion,500102,1134,95,96
fusion,500103,405,55,48
fusion,500104,549,69,48
fusion,500105,189,37,24
fusion,500106,285,52,24
fusion,500107,429,56,48
fusion,500108,435,56,48
fusion,500109,168,33,24
fusion,500110,912,80,96
fusion,500111,204,41,24
fusion,500112,603,79,48
fusion,500113,243,43,24
fusion,500114,330,46,48
fusion,500115,504,65,48
fusion,500116,1191,98,96
fusion,500117,1179,99,96
fusion,500118,108,27,12
fusion,500119,429,60,48
fusion,500120,417,57,48
fusion,500121,807,65,96
fusion,500122,810,63,96
fusion,500123,471,61,48
fusion,500124,408,50,48
fusion,500125,270,49,24
fusion,500126,927,86,96
fusion,500127,327,43,48
fusion,500128,366,47,48
fusion,500129,183,35,24
fusion,500130,192,39,24
fusion,500131,1056,83,96
fusion,500132,957,75,96
fusion,500133,435,56,48
fusion,500134,984,90,96
fusion,500135,453,53,48
fusion,500136,888,78,96
fusion,500137,162,32,24
fusion,500138,345,46,48
fusion,500139,234,41,24
fusion,500140,1155,99,96
fusion,500141,981,87,96
fusion,500142,921,79,96
fusion,500143,300,39,48
fusion,500144,267,47,24
fusion,500145,963,82,96
fusion,500146,435,61,48
fusion,500147,1305,110,96
fusion,500148,201,40,24
fusion,500149,357,45,48
fusion,500150,2652,120,192
fusion,500151,435,58,48
fusion,500152,171,34,24
fusion,500153,300,38,48
fusion,500154,912,79,96
fusion,500155,417,58,48
fusion,500156,1128,97,96
fusion,500157,333,55,24
fusion,500158,387,52,48
fusion,500159,75,21,12
fusion,500160,738,89,48
fusion,500161,330,45,48
fusion,500162,336,46,48
fusion,500163,234,40,24
fusion,500164,303,50,24
fusion,500165,540,61,48
fusion,500166,327,44,48
fusion,500167,906,74,96
fusion,500168,66,18,12
fusion,500169,234,43,24
fusion,500170,426,58,48
fusion,500171,441,59,48
fusion,500172,330,43,48
fusion,500173,153,31,24
fusion,500174,1107,87,96
fusion,500175,447,60,48
fusion,500176,627,72,48
fusion,500177,279,34,48
fusion,500178,402,52,48
fusion,500179,468,62,48
fusion,500180,210,41,24
fusion,500181,324,41,48
fusion,500182,330,45,48
fusion,500183,390,53,48
fusion,500184,159,31,24
fusion,500185,279,50,24
fusion,500186,525,71,48
fusion,500187,351,49,48
fusion,500188,672,75,48
fusion,500189,1056,90,96
fusion,500190,474,60,48
fusion,500191,2457,109,192
fusion,500192,438,53,48
fusion,500193,207,36,24
fusion,500194,462,60,48
fusion,500195,480,64,48
fusion,500196,186,36,24
fusion,500197,408,54,48
fusion,500198,321,43,48
fusion,500199,447,57,48
fusion,500200,162,32,24
fusion,500201,1155,89,96
fusion,500202,66,19,12
fusion,500203,489,65,48
fusion,500204,192,33,24
fusion,500205,909,79,96
fusion,500206,243,42,24
fusion,500207,291,49,24
fusion,500208,954,81,96
fusion,500209,342,47,48
fusion,500210,432,52,48
fusion,500211,564,74,48
fusion,500212,417,58,48
fusion,500213,381,46,48
fusion,500214,390,51,48
fusion,500215,1431,118,96
fusion,500216,999,85,96
fusion,500217,483,66,48
fusion,500218,414,56,48
fusion,500219,189,37,24
fusion,500220,897,76,96
fusion,500221,393,53,48
fusion,500222,993,87,96
fusion,500223,414,55,48
fusion,500224,516,68,48
fusion,500225,882,68,96
fusion,500226,582,71,48
fusion,500227,1287,103,96
fusion,500228,423,57,48
fusion,500229,420,57,48
fusion,500230,315,54,24
fusion,500231,645,71,48
fusion,500232,420,58,48
fusion,500233,897,76,96
fusion,500234,1365,112,96
fusion,500235,621,68,48
fusion,500236,249,45,24
fusion,500237,330,43,48
fusion,500238,195,34,24
fusion,500239,432,54,48
fusion,500240,930,81,96
fusion,500241,411,51,48
fusion,500242,300,39,48
fusion,500243,327,45,48
fusion,500244,372,48,48
fusion,500245,420,59,48
fusion,500246,168,33,24
fusion,500247,165,32,24
fusion,500248,333,46,48
fusion,500249,846,71,96
fusion,500250,351,44,48
fusion,500251,306,40,48
fusion,500252,957,82,96
fusion,500253,327,43,48
fusion,500254,414,55,48
fusion,500255,915,81,96
fusion,500256,1182,103,96
fusion,500257,501,58,48
fusion,500258,1059,92,96
fusion,500259,387,50,48
fusion,500260,312,41,48
fusion,500261,396,58,48
fusion,500262,339,45,48
fusion,500263,1143,104,96
fusion,500264,1044,86,96
fusion,500265,123,25,24
fusion,500266,219,38,24
fusion,500267,873,74,96
fusion,500268,465,62,48
fusion,500269,183,37,24
fusion,500270,246,44,24
fusion,500271,1191,96,96
fusion,500272,1029,95,96
fusion,500273,279,35,48
fusion,500274,390,51,48
fusion,500275,675,77,48
fusion,500276,417,56,48
fusion,500277,927,78,96
fusion,500278,261,46,24
fusion,500279,1257,109,96
fusion,500280,450,60,48
fusion,500281,1128,96,96
fusion,500282,528,70,48
fusion,500283,171,34,24
fusion,500284,153,30,24
fusion,500285,1128,85,96
fusion,500286,432,58,48
fusion,500287,435,54,48
fusion,500288,483,58,48
fusion,500289,405,55,48
fusion,500290,480,63,48
fusion,500291,2490,125,192
fusion,500292,414,53,48
fusion,500293,165,33,24
fusion,500294,411,54,48
fusion,500295,414,57,48
fusion,500296,921,79,96
fusion,500297,324,44,48
fusion,500298,1212,100,96
fusion,500299,447,61,48
position,500000,3426,159,192
position,500001,2427,129,192
position,500002,402,52,48
position,500003,672,76,48
position,500004,342,47,48
position,500005,1185,94,96
position,500006,510,67,48
position,500007,798,65,96
position,500008,453,60,48
position,500009,978,77,96
position,500010,1146,95,96
position,500011,885,75,96
position,500012,1155,99,96
position,500013,603,68,48
position,500014,414,53,48
position,500015,1143,99,96
position,500016,714,75,48
position,500017,894,75,96
position,500018,408,54,48
position,500019,1116,94,96
position,500020,1110,96,96
position,500021,1452,111,96
position,500022,1056,86,96
position,500023,2523,125,192
position,500024,432,54,48
position,500025,612,67,48
position,500026,1119,96,96
position,500027,897,80,96
position,500028,246,44,24
position,500029,897,78,96
position,500030,1086,86,96
position,500031,174,34,24
position,500032,870,73,96
position,500033,357,46,48
position,500034,498,64,48
position,500035,339,47,48
position,500036,1119,95,96
position,500037,258,46,24
position,500038,1296,103,96
position,500039,408,50,48
position,500040,810,63,96
position,500041,2532,134,192
position,500042,387,52,48
position,500043,567,75,48
position,500044,1134,93,96
position,500045,987,85,96
position,500046,531,66,48
position,500047,1137,97,96
position,500048,1263,118,96
position,500049,1920,142,96
position,500050,132,25,24
position,500051,1377,113,96
position,500052,630,73,48
position,500053,822,67,96
position,500054,1167,105,96
position,500055,1047,79,96
position,500056,411,52,48
position,500057,387,50,48
position,500058,1323,106,96
position,500059,453,61,48
position,500060,423,58,48
position,500061,2640,140,192
position,500062,396,54,48
position,500063,390,51,48
position,500064,399,48,48
position,500065,819,99,48
position,500066,393,53,48
position,500067,426,59,48
position,500068,558,72,48
position,500069,657,80,48
position,500070,183,36,24
position,500071,1134,90,96
position,500072,324,54,24
position,500073,2343,118,192
position,500074,1098,87,96
position,500075,2514,126,192
position,500076,174,35,24
position,500077,735,85,48
position,500078,162,31,24
position,500079,2553,132,192
position,500080,600,82,48
position,500081,405,53,48
position,500082,378,45,48
position,500083,1284,104,96
position,500084,1116,93,96
position,500085,963,84,96
position,500086,414,58,48
position,500087,381,49,48
position,500088,1137,96,96
position,500089,435,58,48
position,500090,1119,90,96
position,500091,435,58,48
position,500092,2568,138,192
position,500093,3129,153,192
position,500094,651,79,48
position,500095,1275,105,96
position,500096,1266,106,96
position,500097,1074,91,96
position,500098,441,56,48
position,500099,2412,117,192
position,500100,657,79,48
position,500101,459,55,48
position,500102,387,52,48
position,500103,396,50,48
position,500104,1314,111,96
position,500105,405,55,48
position,500106,1161,97,96
position,500107,966,83,96
position,500108,957,85,96
position,500109,408,54,48
position,500110,654,75,48
position,500111,1380,124,96
position,500112,1263,90,96
position,500113,1176,90,96
position,500114,1053,83,96
position,500115,375,47,48
position,500116,1275,106,96
position,500117,1152,95,96
position,500118,405,54,48
position,500119,495,66,48
position,500120,321,41,48
position,500121,246,44,24
position,500122,816,69,96
position,500123,1125,101,96
position,500124,261,45,24
position,500125,414,55,48
position,500126,948,82,96
position,500127,1386,105,96
position,500128,330,44,48
position,500129,930,79,96
position,500130,903,73,96
position,500131,1116,99,96
position,500132,483,63,48
position,500133,1170,105,96
position,500134,690,83,48
position,500135,1149,88,96
position,500136,459,60,48
position,500137,1107,88,96
position,500138,1116,90,96
position,500139,1152,76,96
position,500140,2631,150,192
position,500141,1131,96,96
position,500142,399,51,48
position,500143,867,70,96
position,500144,969,89,96
position,500145,1176,98,96
position,500146,423,57,48
position,500147,810,66,96
position,500148,1266,94,96
position,500149,2277,150,96
position,500150,1014,90,96
position,500151,495,64,48
position,500152,981,79,96
position,500153,912,80,96
position,500154,549,62,48
position,500155,417,58,48
position,500156,258,47,24
position,500157,408,56,48
position,500158,1095,88,96
position,500159,1374,115,96
position,500160,2367,126,192
position,500161,1206,92,96
position,500162,1041,91,96
position,500163,339,46,48
position,500164,834,67,96
position,500165,1275,103,96
position,500166,1131,96,96
position,500167,468,63,48
position,500168,147,29,24
position,500169,432,56,48
position,500170,1098,93,96
position,500171,294,48,24
position,500172,3222,165,192
position,500173,1134,84,96
position,500174,1014,75,96
position,500175,195,38,24
position,500176,405,56,48
position,500177,390,53,48
position,500178,1419,123,96
position,500179,1128,97,96
position,500180,414,57,48
position,500181,387,52,48
position,500182,939,83,96
position,500183,423,56,48
position,500184,957,74,96
position,500185,972,81,96
position,500186,2787,162,192
position,500187,429,56,48
position,500188,945,81,96
position,500189,2820,144,192
position,500190,1101,91,96
position,500191,2673,128,192
position,500192,1158,89,96
position,500193,1107,91,96
position,500194,1227,107,96
position,500195,468,62,48
position,500196,1029,84,96
position,500197,1047,89,96
position,500198,1329,112,96
position,500199,897,78,96
position,500200,411,56,48
position,500201,429,57,48
position,500202,975,81,96
position,500203,444,57,48
position,500204,732,90,48
position,500205,225,40,24
position,500206,828,68,96
position,500207,1158,94,96
position,500208,1128,91,96
position,500209,1242,109,96
position,500210,2412,113,192
position,500211,387,49,48
position,500212,1161,104,96
position,500213,1143,95,96
position,500214,1341,113,96
position,500215,2604,126,192
position,500216,447,56,48
position,500217,417,56,48
position,500218,2562,116,192
position,500219,951,80,96
position,500220,396,52,48
position,500221,1815,129,96
position,500222,2301,111,192
position,500223,2604,136,192
position,500224,1110,87,96
position,500225,2571,129,192
position,500226,468,63,48
position,500227,639,71,48
position,500228,807,95,48
position,500229,882,72,96
position,500230,1131,92,96
position,500231,1188,96,96
position,500232,552,64,48
position,500233,1170,99,96
position,500234,2664,134,192
position,500235,921,76,96
position,500236,303,40,48
position,500237,651,66,48
position,500238,900,71,96
position,500239,1110,92,96
position,500240,588,62,48
position,500241,333,44,48
position,500242,402,53,48
position,500243,570,66,48
position,500244,198,39,24
position,500245,516,71,48
position,500246,1185,103,96
position,500247,723,81,48
position,500248,1164,98,96
position,500249,252,45,24
position,500250,1167,94,96
position,500251,1302,108,96
position,500252,423,58,48
position,500253,732,80,48
position,500254,789,62,96
position,500255,1263,116,96
position,500256,867,72,96
position,500257,1089,79,96
position,500258,1125,80,96
position,500259,1206,95,96
position,500260,1113,93,96
position,500261,780,91,48
position,500262,186,38,24
position,500263,807,63,96
position,500264,999,88,96
position,500265,708,81,48
position,500266,882,76,96
position,500267,1182,102,96
position,500268,2424,123,192
position,500269,1200,101,96
position,500270,1116,99,96
position,500271,2367,104,192
position,500272,1215,98,96
position,500273,483,63,48
position,500274,1179,101,96
position,500275,915,83,96
position,500276,99,23,12
position,500277,1134,97,96
position,500278,1182,93,96
position,500279,1092,85,96
position,500280,1038,83,96
position,500281,2736,143,192
position,500282,1104,90,96
position,500283,387,48,48
position,500284,1218,112,96
position,500285,930,73,96
position,500286,468,61,48
position,500287,429,58,48
position,500288,2592,135,192
position,500289,1197,93,96
position,500290,873,71,96
position,500291,408,54,48
position,500292,447,59,48
position,500293,1200,100,96
position,500294,897,76,96
position,500295,378,48,48
position,500296,1053,82,96
position,500297,1374,119,96
position,500298,1128,89,96
position,500299,1134,96,96
apparition,500000,444,57,48
apparition,500001,1791,129,96
apparition,500002,945,84,96
apparition,500003,486,62,48
apparition,500004,198,39,24
apparition,500005,2568,141,192
apparition,500006,1110,91,96
apparition,500007,303,40,48
apparition,500008,3399,163,192
apparition,500009,195,38,24
apparition,500010,1065,84,96
apparition,500011,1062,88,96
apparition,500012,1239,110,96
apparition,500013,726,90,48
apparition,500014,2361,117,192
apparition,500015,1356,117,96
apparition,500016,2643,133,192
apparition,500017,396,53,48
apparition,500018,981,83,96
apparition,500019,3564,180,192
apparition,500020,1107,92,96
apparition,500021,2550,129,192
apparition,500022,423,55,48
apparition,500023,342,57,24
apparition,500024,1056,84,96
apparition,500025,1491,120,96
apparition,500026,1104,90,96
apparition,500027,2931,148,192
apparition,500028,468,61,48
apparition,500029,489,65,48
apparition,500030,2601,137,192
apparition,500031,1296,108,96
apparition,500032,582,68,48
apparition,500033,729,79,48
apparition,500034,1233,100,96
apparition,500035,1212,105,96
apparition,500036,414,53,48
apparition,500037,882,77,96
apparition,500038,1134,98,96
apparition,500039,1131,95,96
apparition,500040,1227,107,96
apparition,500041,975,82,96
apparition,500042,3135,148,192
apparition,500043,1218,98,96
apparition,500044,1242,108,96
apparition,500045,1917,137,96
apparition,500046,3084,170,192
apparition,500047,1029,83,96
apparition,500048,1044,84,96
apparition,500049,141,28,24
apparition,500050,1386,124,96
apparition,500051,1134,100,96
apparition,500052,1071,86,96
apparition,500053,2805,150,192
apparition,500054,2808,137,192
apparition,500055,1269,103,96
apparition,500056,414,53,48
apparition,500057,480,64,48
apparition,500058,792,93,48
apparition,500059,1206,110,96
apparition,500060,405,53,48
apparition,500061,414,57,48
apparition,500062,3150,164,192
apparition,500063,435,56,48
apparition,500064,201,40,24
apparition,500065,2520,126,192
apparition,500066,2673,145,192
apparition,500067,474,65,48
apparition,500068,498,63,48
apparition,500069,1086,94,96
apparition,500070,2400,106,192
apparition,500071,957,75,96
apparition,500072,678,75,48
apparition,500073,1131,95,96
apparition,500074,903,77,96
apparition,500075,1311,108,96
apparition,500076,2835,150,192
apparition,500077,816,69,96
apparition,500078,696,86,48
apparition,500079,2574,139,192
apparition,500080,510,71,48
apparition,500081,804,64,96
apparition,500082,1068,85,96
apparition,500083,2667,126,192
apparition,500084,651,73,48
apparition,500085,3162,167,192
apparition,500086,489,65,48
apparition,500087,393,48,48
apparition,500088,3453,172,192
apparition,500089,909,76,96
apparition,500090,1095,84,96
apparition,500091,1137,99,96
apparition,500092,2562,137,192
apparition,500093,474,64,48
apparition,500094,699,80,48
apparition,500095,2664,140,192
apparition,500096,357,50,48
apparition,500097,576,75,48
apparition,500098,486,62,48
apparition,500099,1401,119,96
apparition,500100,297,48,24
apparition,500101,2679,132,192
apparition,500102,2571,135,192
apparition,500103,870,73,96
apparition,500104,1080,86,96
apparition,500105,1200,102,96
apparition,500106,2622,142,192
apparition,500107,1113,93,96
apparition,500108,2595,134,192
apparition,500109,3474,178,192
apparition,500110,1167,100,96
apparition,500111,330,46,48
apparition,500112,840,67,96
apparition,500113,2259,100,192
apparition,500114,429,59,48
apparition,500115,462,62,48
apparition,500116,459,58,48
apparition,500117,1014,89,96
apparition,500118,2391,126,192
apparition,500119,1272,114,96
apparition,500120,2922,142,192
apparition,500121,2331,105,192
apparition,500122,2457,126,192
apparition,500123,813,62,96
apparition,500124,1188,92,96
apparition,500125,1284,103,96
apparition,500126,1167,103,96
apparition,500127,471,61,48
apparition,500128,222,39,24
apparition,500129,1101,96,96
apparition,500130,3366,161,192
apparition,500131,423,56,48
apparition,500132,732,84,48
apparition,500133,1230,104,96
apparition,500134,1137,92,96
apparition,500135,2592,125,192
apparition,500136,675,77,48
apparition,500137,1203,105,96
apparition,500138,2679,121,192
apparition,500139,1269,104,96
apparition,500140,1125,98,96
apparition,500141,2403,114,192
apparition,500142,1113,87,96
apparition,500143,597,72,48
apparition,500144,1854,133,96
apparition,500145,1215,105,96
apparition,500146,978,85,96
apparition,500147,1830,142,96
apparition,500148,978,80,96
apparition,500149,246,44,24
apparition,500150,390,51,48
apparition,500151,423,57,48
apparition,500152,1122,93,96
apparition,500153,2664,133,192
apparition,500154,1185,101,96
apparition,500155,1044,83,96
apparition,500156,1068,99,96
apparition,500157,2628,127,192
apparition,500158,1230,105,96
apparition,500159,3075,156,192
apparition,500160,381,50,48
apparition,500161,1191,100,96
apparition,500162,3132,163,192
apparition,500163,1236,105,96
apparition,500164,459,61,48
apparition,500165,252,44,24
apparition,500166,3156,152,192
apparition,500167,2277,112,192
apparition,500168,1194,100,96
apparition,500169,405,55,48
apparition,500170,1194,107,96
apparition,500171,3438,165,192
apparition,500172,1134,84,96
apparition,500173,636,71,48
apparition,500174,2505,109,192
apparition,500175,1149,89,96
apparition,500176,693,78,48
apparition,500177,651,71,48
apparition,500178,2529,127,192
apparition,500179,1251,109,96
apparition,500180,567,78,48
apparition,500181,1485,118,96
apparition,500182,1077,94,96
apparition,500183,1215,106,96
apparition,500184,324,41,48
apparition,500185,462,61,48
apparition,500186,465,62,48
apparition,500187,462,59,48
apparition,500188,2568,138,192
apparition,500189,291,37,48
apparition,500190,1248,114,96
apparition,500191,1128,88,96
apparition,500192,2748,149,192
apparition,500193,345,45,48
apparition,500194,879,73,96
apparition,500195,810,67,96
apparition,500196,2577,127,192
apparition,500197,411,56,48
apparition,500198,948,82,96
apparition,500199,2724,142,192
apparition,500200,246,44,24
apparition,500201,1125,92,96
apparition,500202,1233,106,96
apparition,500203,405,53,48
apparition,500204,1653,121,96
apparition,500205,1368,110,96
apparition,500206,876,72,96
apparition,500207,2055,149,96
apparition,500208,1095,89,96
apparition,500209,1413,126,96
apparition,500210,1200,106,96
apparition,500211,3132,155,192
apparition,500212,951,78,96
apparition,500213,624,70,48
apparition,500214,402,51,48
apparition,500215,2517,131,192
apparition,500216,2568,128,192
apparition,500217,1083,85,96
apparition,500218,942,81,96
apparition,500219,420,59,48
apparition,500220,1161,94,96
apparition,500221,465,62,48
apparition,500222,324,42,48
apparition,500223,414,53,48
apparition,500224,294,52,24
apparition,500225,510,68,48
apparition,500226,420,56,48
apparition,500227,3312,169,192
apparition,500228,1005,86,96
apparition,500229,3366,171,192
apparition,500230,234,41,24
apparition,500231,528,72,48
apparition,500232,2529,137,192
apparition,500233,1137,99,96
apparition,500234,639,74,48
apparition,500235,1458,116,96
apparition,500236,3480,189,192
apparition,500237,2601,126,192
apparition,500238,930,78,96
apparition,500239,387,48,48
apparition,500240,1188,102,96
apparition,500241,1107,93,96
apparition,500242,441,61,48
apparition,500243,429,59,48
apparition,500244,1182,97,96
apparition,500245,3294,165,192
apparition,500246,2700,149,192
apparition,500247,567,72,48
apparition,500248,1287,119,96
apparition,500249,318,42,48
apparition,500250,1203,102,96
apparition,500251,1212,106,96
apparition,500252,618,66,48
apparition,500253,459,61,48
apparition,500254,1407,108,96
apparition,500255,651,72,48
apparition,500256,684,81,48
apparition,500257,1326,114,96
apparition,500258,2403,113,192
apparition,500259,2955,150,192
apparition,500260,342,44,48
apparition,500261,639,75,48
apparition,500262,237,43,24
apparition,500263,1140,100,96
apparition,500264,393,53,48
apparition,500265,1221,110,96
apparition,500266,627,68,48
apparition,500267,1032,91,96
apparition,500268,2601,137,192
apparition,500269,1215,106,96
apparition,500270,3216,157,192
apparition,500271,2592,143,192
apparition,500272,2658,121,192
apparition,500273,3078,139,192
apparition,500274,927,82,96
apparition,500275,1395,111,96
apparition,500276,585,73,48
apparition,500277,456,62,48
apparition,500278,963,82,96
apparition,500279,315,52,24
apparition,500280,1254,116,96
apparition,500281,675,79,48
apparition,500282,549,71,48
apparition,500283,1173,99,96
apparition,500284,1074,94,96
apparition,500285,2592,125,192
apparition,500286,3552,183,192
apparition,500287,1218,103,96
apparition,500288,1257,103,96
apparition,500289,2649,136,192
apparition,500290,3315,184,192
apparition,500291,2394,121,192
apparition,500292,2652,130,192
apparition,500293,1200,93,96
apparition,500294,1863,138,96
apparition,500295,3054,151,192
apparition,500296,945,78,96
apparition,500297,3681,189,192
apparition,500298,1035,84,96
apparition,500299,2673,161,192
