agent,seed,score,largest_tile
2026-09-26_142800_article_merge_64_s52,500000,384,24
2026-09-26_142800_article_merge_64_s52,500001,462,24
2026-09-26_142800_article_merge_64_s52,500002,138,12
2026-09-26_142800_article_merge_64_s52,500003,261,24
2026-09-26_142800_article_merge_64_s52,500004,138,12
2026-09-26_142800_article_merge_64_s52,500005,453,48
2026-09-26_142800_article_merge_64_s52,500006,1320,96
2026-09-26_142800_article_merge_64_s52,500007,195,24
2026-09-26_142800_article_merge_64_s52,500008,384,48
2026-09-26_142800_article_merge_64_s52,500009,531,48
2026-09-26_142800_article_merge_64_s52,500010,345,24
2026-09-26_142800_article_merge_64_s52,500011,1125,96
2026-09-26_142800_article_merge_64_s52,500012,1116,96
2026-09-26_142800_article_merge_64_s52,500013,1089,96
2026-09-26_142800_article_merge_64_s52,500014,81,12
2026-09-26_142800_article_merge_64_s52,500015,933,96
2026-09-26_142800_article_merge_64_s52,500016,246,24
2026-09-26_142800_article_merge_64_s52,500017,420,48
2026-09-26_142800_article_merge_64_s52,500018,735,48
2026-09-26_142800_article_merge_64_s52,500019,360,48
2026-09-26_142800_article_merge_64_s52,500020,75,12
2026-09-26_142800_article_merge_64_s52,500021,534,48
2026-09-26_142800_article_merge_64_s52,500022,528,48
2026-09-26_142800_article_merge_64_s52,500023,129,24
2026-09-26_142800_article_merge_64_s52,500024,432,48
2026-09-26_142800_article_merge_64_s52,500025,477,48
2026-09-26_142800_article_merge_64_s52,500026,156,24
2026-09-26_142800_article_merge_64_s52,500027,1146,96
2026-09-26_142800_article_merge_64_s52,500028,132,24
2026-09-26_142800_article_merge_64_s52,500029,903,96
2026-09-26_142800_article_merge_64_s52,500030,99,12
2026-09-26_142800_article_merge_64_s52,500031,288,48
2026-09-26_142800_article_merge_64_s52,500032,54,6
2026-09-26_142800_article_merge_64_s52,500033,297,24
2026-09-26_142800_article_merge_64_s52,500034,513,48
2026-09-26_142800_article_merge_64_s52,500035,405,48
2026-09-26_142800_article_merge_64_s52,500036,228,24
2026-09-26_142800_article_merge_64_s52,500037,414,48
2026-09-26_142800_article_merge_64_s52,500038,210,24
2026-09-26_142800_article_merge_64_s52,500039,258,24
2026-09-26_142800_article_merge_64_s52,500040,246,24
2026-09-26_142800_article_merge_64_s52,500041,2889,192
2026-09-26_142800_article_merge_64_s52,500042,462,48
2026-09-26_142800_article_merge_64_s52,500043,462,48
2026-09-26_142800_article_merge_64_s52,500044,639,48
2026-09-26_142800_article_merge_64_s52,500045,1248,96
2026-09-26_142800_article_merge_64_s52,500046,492,48
2026-09-26_142800_article_merge_64_s52,500047,1473,96
2026-09-26_142800_article_merge_64_s52,500048,162,24
2026-09-26_142800_article_merge_64_s52,500049,135,12
2026-09-26_142800_article_merge_64_s52,500050,429,24
2026-09-26_142800_article_merge_64_s52,500051,489,48
2026-09-26_142800_article_merge_64_s52,500052,189,24
2026-09-26_142800_article_merge_64_s52,500053,396,48
2026-09-26_142800_article_merge_64_s52,500054,186,24
2026-09-26_142800_article_merge_64_s52,500055,447,48
2026-09-26_142800_article_merge_64_s52,500056,411,48
2026-09-26_142800_article_merge_64_s52,500057,168,24
2026-09-26_142800_article_merge_64_s52,500058,1752,96
2026-09-26_142800_article_merge_64_s52,500059,1155,96
2026-09-26_142800_article_merge_64_s52,500060,864,48
2026-09-26_142800_article_merge_64_s52,500061,204,24
2026-09-26_142800_article_merge_64_s52,500062,567,48
2026-09-26_142800_article_merge_64_s52,500063,423,48
2026-09-26_142800_article_merge_64_s52,500064,108,12
2026-09-26_142800_article_merge_64_s52,500065,39,6
2026-09-26_142800_article_merge_64_s52,500066,678,48
2026-09-26_142800_article_merge_64_s52,500067,279,24
2026-09-26_142800_article_merge_64_s52,500068,69,12
2026-09-26_142800_article_merge_64_s52,500069,885,48
2026-09-26_142800_article_merge_64_s52,500070,90,12
2026-09-26_142800_article_merge_64_s52,500071,540,48
2026-09-26_142800_article_merge_64_s52,500072,396,48
2026-09-26_142800_article_merge_64_s52,500073,633,48
2026-09-26_142800_article_merge_64_s52,500074,447,48
2026-09-26_142800_article_merge_64_s52,500075,513,48
2026-09-26_142800_article_merge_64_s52,500076,108,12
2026-09-26_142800_article_merge_64_s52,500077,42,6
2026-09-26_142800_article_merge_64_s52,500078,498,48
2026-09-26_142800_article_merge_64_s52,500079,447,48
2026-09-26_142800_article_merge_64_s52,500080,120,24
2026-09-26_142800_article_merge_64_s52,500081,846,96
2026-09-26_142800_article_merge_64_s52,500082,282,24
2026-09-26_142800_article_merge_64_s52,500083,288,24
2026-09-26_142800_article_merge_64_s52,500084,303,24
2026-09-26_142800_article_merge_64_s52,500085,270,24
2026-09-26_142800_article_merge_64_s52,500086,915,96
2026-09-26_142800_article_merge_64_s52,500087,513,48
2026-09-26_142800_article_merge_64_s52,500088,267,24
2026-09-26_142800_article_merge_64_s52,500089,1044,96
2026-09-26_142800_article_merge_64_s52,500090,630,48
2026-09-26_142800_article_merge_64_s52,500091,1053,96
2026-09-26_142800_article_merge_64_s52,500092,912,96
2026-09-26_142800_article_merge_64_s52,500093,996,96
2026-09-26_142800_article_merge_64_s52,500094,1641,96
2026-09-26_142800_article_merge_64_s52,500095,69,12
2026-09-26_142800_article_merge_64_s52,500096,639,48
2026-09-26_142800_article_merge_64_s52,500097,459,48
2026-09-26_142800_article_merge_64_s52,500098,333,48
2026-09-26_142800_article_merge_64_s52,500099,1149,96
2026-09-26_142800_article_merge_64_s52,500100,537,48
2026-09-26_142800_article_merge_64_s52,500101,153,24
2026-09-26_142800_article_merge_64_s52,500102,357,24
2026-09-26_142800_article_merge_64_s52,500103,162,24
2026-09-26_142800_article_merge_64_s52,500104,483,48
2026-09-26_142800_article_merge_64_s52,500105,87,12
2026-09-26_142800_article_merge_64_s52,500106,1122,96
2026-09-26_142800_article_merge_64_s52,500107,657,48
2026-09-26_142800_article_merge_64_s52,500108,264,24
2026-09-26_142800_article_merge_64_s52,500109,177,24
2026-09-26_142800_article_merge_64_s52,500110,267,24
2026-09-26_142800_article_merge_64_s52,500111,561,48
2026-09-26_142800_article_merge_64_s52,500112,462,48
2026-09-26_142800_article_merge_64_s52,500113,135,12
2026-09-26_142800_article_merge_64_s52,500114,423,48
2026-09-26_142800_article_merge_64_s52,500115,327,48
2026-09-26_142800_article_merge_64_s52,500116,462,48
2026-09-26_142800_article_merge_64_s52,500117,81,12
2026-09-26_142800_article_merge_64_s52,500118,174,24
2026-09-26_142800_article_merge_64_s52,500119,1305,96
2026-09-26_142800_article_merge_64_s52,500120,231,24
2026-09-26_142800_article_merge_64_s52,500121,168,24
2026-09-26_142800_article_merge_64_s52,500122,1323,96
2026-09-26_142800_article_merge_64_s52,500123,147,24
2026-09-26_142800_article_merge_64_s52,500124,1233,96
2026-09-26_142800_article_merge_64_s52,500125,354,48
2026-09-26_142800_article_merge_64_s52,500126,48,6
2026-09-26_142800_article_merge_64_s52,500127,171,24
2026-09-26_142800_article_merge_64_s52,500128,198,24
2026-09-26_142800_article_merge_64_s52,500129,447,48
2026-09-26_142800_article_merge_64_s52,500130,714,48
2026-09-26_142800_article_merge_64_s52,500131,372,48
2026-09-26_142800_article_merge_64_s52,500132,366,48
2026-09-26_142800_article_merge_64_s52,500133,171,24
2026-09-26_142800_article_merge_64_s52,500134,525,48
2026-09-26_142800_article_merge_64_s52,500135,225,24
2026-09-26_142800_article_merge_64_s52,500136,147,24
2026-09-26_142800_article_merge_64_s52,500137,114,12
2026-09-26_142800_article_merge_64_s52,500138,564,48
2026-09-26_142800_article_merge_64_s52,500139,591,48
2026-09-26_142800_article_merge_64_s52,500140,204,24
2026-09-26_142800_article_merge_64_s52,500141,1134,96
2026-09-26_142800_article_merge_64_s52,500142,249,24
2026-09-26_142800_article_merge_64_s52,500143,258,24
2026-09-26_142800_article_merge_64_s52,500144,441,48
2026-09-26_142800_article_merge_64_s52,500145,1278,96
2026-09-26_142800_article_merge_64_s52,500146,294,24
2026-09-26_142800_article_merge_64_s52,500147,693,48
2026-09-26_142800_article_merge_64_s52,500148,354,48
2026-09-26_142800_article_merge_64_s52,500149,417,48
2026-09-26_142800_article_merge_64_s52,500150,183,24
2026-09-26_142800_article_merge_64_s52,500151,384,48
2026-09-26_142800_article_merge_64_s52,500152,57,12
2026-09-26_142800_article_merge_64_s52,500153,501,48
2026-09-26_142800_article_merge_64_s52,500154,192,24
2026-09-26_142800_article_merge_64_s52,500155,189,24
2026-09-26_142800_article_merge_64_s52,500156,351,48
2026-09-26_142800_article_merge_64_s52,500157,930,96
2026-09-26_142800_article_merge_64_s52,500158,753,48
2026-09-26_142800_article_merge_64_s52,500159,348,24
2026-09-26_142800_article_merge_64_s52,500160,1215,96
2026-09-26_142800_article_merge_64_s52,500161,423,48
2026-09-26_142800_article_merge_64_s52,500162,378,48
2026-09-26_142800_article_merge_64_s52,500163,558,48
2026-09-26_142800_article_merge_64_s52,500164,552,48
2026-09-26_142800_article_merge_64_s52,500165,315,24
2026-09-26_142800_article_merge_64_s52,500166,96,12
2026-09-26_142800_article_merge_64_s52,500167,171,24
2026-09-26_142800_article_merge_64_s52,500168,192,24
2026-09-26_142800_article_merge_64_s52,500169,309,48
2026-09-26_142800_article_merge_64_s52,500170,54,12
2026-09-26_142800_article_merge_64_s52,500171,390,48
2026-09-26_142800_article_merge_64_s52,500172,204,24
2026-09-26_142800_article_merge_64_s52,500173,57,12
2026-09-26_142800_article_merge_64_s52,500174,1011,96
2026-09-26_142800_article_merge_64_s52,500175,1035,96
2026-09-26_142800_article_merge_64_s52,500176,201,24
2026-09-26_142800_article_merge_64_s52,500177,231,24
2026-09-26_142800_article_merge_64_s52,500178,423,48
2026-09-26_142800_article_merge_64_s52,500179,174,24
2026-09-26_142800_article_merge_64_s52,500180,381,48
2026-09-26_142800_article_merge_64_s52,500181,198,24
2026-09-26_142800_article_merge_64_s52,500182,447,48
2026-09-26_142800_article_merge_64_s52,500183,351,24
2026-09-26_142800_article_merge_64_s52,500184,1953,96
2026-09-26_142800_article_merge_64_s52,500185,324,48
2026-09-26_142800_article_merge_64_s52,500186,924,96
2026-09-26_142800_article_merge_64_s52,500187,600,48
2026-09-26_142800_article_merge_64_s52,500188,666,48
2026-09-26_142800_article_merge_64_s52,500189,144,24
2026-09-26_142800_article_merge_64_s52,500190,306,24
2026-09-26_142800_article_merge_64_s52,500191,2493,192
2026-09-26_142800_article_merge_64_s52,500192,477,48
2026-09-26_142800_article_merge_64_s52,500193,150,12
2026-09-26_142800_article_merge_64_s52,500194,180,24
2026-09-26_142800_article_merge_64_s52,500195,120,12
2026-09-26_142800_article_merge_64_s52,500196,981,96
2026-09-26_142800_article_merge_64_s52,500197,996,96
2026-09-26_142800_article_merge_64_s52,500198,474,48
2026-09-26_142800_article_merge_64_s52,500199,528,48
2026-09-26_142800_article_merge_64_s52,500200,588,48
2026-09-26_142800_article_merge_64_s52,500201,258,24
2026-09-26_142800_article_merge_64_s52,500202,96,12
2026-09-26_142800_article_merge_64_s52,500203,909,96
2026-09-26_142800_article_merge_64_s52,500204,348,48
2026-09-26_142800_article_merge_64_s52,500205,189,24
2026-09-26_142800_article_merge_64_s52,500206,369,24
2026-09-26_142800_article_merge_64_s52,500207,843,96
2026-09-26_142800_article_merge_64_s52,500208,279,24
2026-09-26_142800_article_merge_64_s52,500209,294,24
2026-09-26_142800_article_merge_64_s52,500210,1206,96
2026-09-26_142800_article_merge_64_s52,500211,1428,96
2026-09-26_142800_article_merge_64_s52,500212,66,12
2026-09-26_142800_article_merge_64_s52,500213,1356,96
2026-09-26_142800_article_merge_64_s52,500214,198,24
2026-09-26_142800_article_merge_64_s52,500215,846,48
2026-09-26_142800_article_merge_64_s52,500216,681,48
2026-09-26_142800_article_merge_64_s52,500217,2661,192
2026-09-26_142800_article_merge_64_s52,500218,1179,96
2026-09-26_142800_article_merge_64_s52,500219,1209,96
2026-09-26_142800_article_merge_64_s52,500220,237,24
2026-09-26_142800_article_merge_64_s52,500221,519,48
2026-09-26_142800_article_merge_64_s52,500222,399,48
2026-09-26_142800_article_merge_64_s52,500223,870,96
2026-09-26_142800_article_merge_64_s52,500224,198,24
2026-09-26_142800_article_merge_64_s52,500225,45,6
2026-09-26_142800_article_merge_64_s52,500226,246,24
2026-09-26_142800_article_merge_64_s52,500227,324,24
2026-09-26_142800_article_merge_64_s52,500228,402,48
2026-09-26_142800_article_merge_64_s52,500229,111,12
2026-09-26_142800_article_merge_64_s52,500230,183,24
2026-09-26_142800_article_merge_64_s52,500231,153,24
2026-09-26_142800_article_merge_64_s52,500232,42,6
2026-09-26_142800_article_merge_64_s52,500233,324,24
2026-09-26_142800_article_merge_64_s52,500234,54,12
2026-09-26_142800_article_merge_64_s52,500235,372,24
2026-09-26_142800_article_merge_64_s52,500236,1074,96
2026-09-26_142800_article_merge_64_s52,500237,360,48
2026-09-26_142800_article_merge_64_s52,500238,108,12
2026-09-26_142800_article_merge_64_s52,500239,123,12
2026-09-26_142800_article_merge_64_s52,500240,486,48
2026-09-26_142800_article_merge_64_s52,500241,546,48
2026-09-26_142800_article_merge_64_s52,500242,243,24
2026-09-26_142800_article_merge_64_s52,500243,573,48
2026-09-26_142800_article_merge_64_s52,500244,816,48
2026-09-26_142800_article_merge_64_s52,500245,51,6
2026-09-26_142800_article_merge_64_s52,500246,441,48
2026-09-26_142800_article_merge_64_s52,500247,195,24
2026-09-26_142800_article_merge_64_s52,500248,165,24
2026-09-26_142800_article_merge_64_s52,500249,1416,96
2026-09-26_142800_article_merge_64_s52,500250,726,48
2026-09-26_142800_article_merge_64_s52,500251,543,48
2026-09-26_142800_article_merge_64_s52,500252,492,48
2026-09-26_142800_article_merge_64_s52,500253,732,48
2026-09-26_142800_article_merge_64_s52,500254,90,12
2026-09-26_142800_article_merge_64_s52,500255,444,48
2026-09-26_142800_article_merge_64_s52,500256,756,48
2026-09-26_142800_article_merge_64_s52,500257,1125,96
2026-09-26_142800_article_merge_64_s52,500258,1266,96
2026-09-26_142800_article_merge_64_s52,500259,486,48
2026-09-26_142800_article_merge_64_s52,500260,126,12
2026-09-26_142800_article_merge_64_s52,500261,249,24
2026-09-26_142800_article_merge_64_s52,500262,339,48
2026-09-26_142800_article_merge_64_s52,500263,531,48
2026-09-26_142800_article_merge_64_s52,500264,603,48
2026-09-26_142800_article_merge_64_s52,500265,171,24
2026-09-26_142800_article_merge_64_s52,500266,219,24
2026-09-26_142800_article_merge_64_s52,500267,1329,96
2026-09-26_142800_article_merge_64_s52,500268,333,48
2026-09-26_142800_article_merge_64_s52,500269,1170,96
2026-09-26_142800_article_merge_64_s52,500270,333,48
2026-09-26_142800_article_merge_64_s52,500271,459,48
2026-09-26_142800_article_merge_64_s52,500272,519,48
2026-09-26_142800_article_merge_64_s52,500273,1044,96
2026-09-26_142800_article_merge_64_s52,500274,1065,96
2026-09-26_142800_article_merge_64_s52,500275,111,12
2026-09-26_142800_article_merge_64_s52,500276,852,96
2026-09-26_142800_article_merge_64_s52,500277,324,48
2026-09-26_142800_article_merge_64_s52,500278,129,24
2026-09-26_142800_article_merge_64_s52,500279,87,12
2026-09-26_142800_article_merge_64_s52,500280,207,24
2026-09-26_142800_article_merge_64_s52,500281,501,48
2026-09-26_142800_article_merge_64_s52,500282,237,24
2026-09-26_142800_article_merge_64_s52,500283,318,24
2026-09-26_142800_article_merge_64_s52,500284,231,24
2026-09-26_142800_article_merge_64_s52,500285,657,48
2026-09-26_142800_article_merge_64_s52,500286,543,48
2026-09-26_142800_article_merge_64_s52,500287,516,48
2026-09-26_142800_article_merge_64_s52,500288,1059,96
2026-09-26_142800_article_merge_64_s52,500289,522,48
2026-09-26_142800_article_merge_64_s52,500290,501,48
2026-09-26_142800_article_merge_64_s52,500291,837,96
2026-09-26_142800_article_merge_64_s52,500292,1329,96
2026-09-26_142800_article_merge_64_s52,500293,423,48
2026-09-26_142800_article_merge_64_s52,500294,834,48
2026-09-26_142800_article_merge_64_s52,500295,114,12
2026-09-26_142800_article_merge_64_s52,500296,735,48
2026-09-26_142800_article_merge_64_s52,500297,69,12
2026-09-26_142800_article_merge_64_s52,500298,330,24
2026-09-26_142800_article_merge_64_s52,500299,243,24
2026-09-26_142800_article_merge_64_s53,500000,252,24
2026-09-26_142800_article_merge_64_s53,500001,1260,96
2026-09-26_142800_article_merge_64_s53,500002,285,24
2026-09-26_142800_article_merge_64_s53,500003,228,24
2026-09-26_142800_article_merge_64_s53,500004,408,48
2026-09-26_142800_article_merge_64_s53,500005,105,12
2026-09-26_142800_article_merge_64_s53,500006,519,48
2026-09-26_142800_article_merge_64_s53,500007,1377,96
2026-09-26_142800_article_merge_64_s53,500008,666,48
2026-09-26_142800_article_merge_64_s53,500009,1296,96
2026-09-26_142800_article_merge_64_s53,500010,462,48
2026-09-26_142800_article_merge_64_s53,500011,765,48
2026-09-26_142800_article_merge_64_s53,500012,48,6
2026-09-26_142800_article_merge_64_s53,500013,255,24
2026-09-26_142800_article_merge_64_s53,500014,570,48
2026-09-26_142800_article_merge_64_s53,500015,117,12
2026-09-26_142800_article_merge_64_s53,500016,396,48
2026-09-26_142800_article_merge_64_s53,500017,1380,96
2026-09-26_142800_article_merge_64_s53,500018,141,24
2026-09-26_142800_article_merge_64_s53,500019,234,24
2026-09-26_142800_article_merge_64_s53,500020,258,24
2026-09-26_142800_article_merge_64_s53,500021,306,48
2026-09-26_142800_article_merge_64_s53,500022,498,48
2026-09-26_142800_article_merge_64_s53,500023,405,48
2026-09-26_142800_article_merge_64_s53,500024,186,24
2026-09-26_142800_article_merge_64_s53,500025,1476,96
2026-09-26_142800_article_merge_64_s53,500026,462,48
2026-09-26_142800_article_merge_64_s53,500027,120,12
2026-09-26_142800_article_merge_64_s53,500028,570,48
2026-09-26_142800_article_merge_64_s53,500029,276,24
2026-09-26_142800_article_merge_64_s53,500030,432,48
2026-09-26_142800_article_merge_64_s53,500031,252,24
2026-09-26_142800_article_merge_64_s53,500032,336,48
2026-09-26_142800_article_merge_64_s53,500033,102,12
2026-09-26_142800_article_merge_64_s53,500034,186,24
2026-09-26_142800_article_merge_64_s53,500035,432,48
2026-09-26_142800_article_merge_64_s53,500036,1323,96
2026-09-26_142800_article_merge_64_s53,500037,393,48
2026-09-26_142800_article_merge_64_s53,500038,261,24
2026-09-26_142800_article_merge_64_s53,500039,504,48
2026-09-26_142800_article_merge_64_s53,500040,168,24
2026-09-26_142800_article_merge_64_s53,500041,171,24
2026-09-26_142800_article_merge_64_s53,500042,144,24
2026-09-26_142800_article_merge_64_s53,500043,459,48
2026-09-26_142800_article_merge_64_s53,500044,45,6
2026-09-26_142800_article_merge_64_s53,500045,492,48
2026-09-26_142800_article_merge_64_s53,500046,342,48
2026-09-26_142800_article_merge_64_s53,500047,237,24
2026-09-26_142800_article_merge_64_s53,500048,105,12
2026-09-26_142800_article_merge_64_s53,500049,87,12
2026-09-26_142800_article_merge_64_s53,500050,99,12
2026-09-26_142800_article_merge_64_s53,500051,450,48
2026-09-26_142800_article_merge_64_s53,500052,261,24
2026-09-26_142800_article_merge_64_s53,500053,327,24
2026-09-26_142800_article_merge_64_s53,500054,738,48
2026-09-26_142800_article_merge_64_s53,500055,414,48
2026-09-26_142800_article_merge_64_s53,500056,78,12
2026-09-26_142800_article_merge_64_s53,500057,84,12
2026-09-26_142800_article_merge_64_s53,500058,2184,96
2026-09-26_142800_article_merge_64_s53,500059,138,24
2026-09-26_142800_article_merge_64_s53,500060,252,24
2026-09-26_142800_article_merge_64_s53,500061,246,24
2026-09-26_142800_article_merge_64_s53,500062,183,24
2026-09-26_142800_article_merge_64_s53,500063,129,12
2026-09-26_142800_article_merge_64_s53,500064,897,96
2026-09-26_142800_article_merge_64_s53,500065,441,48
2026-09-26_142800_article_merge_64_s53,500066,231,24
2026-09-26_142800_article_merge_64_s53,500067,474,48
2026-09-26_142800_article_merge_64_s53,500068,357,48
2026-09-26_142800_article_merge_64_s53,500069,363,24
2026-09-26_142800_article_merge_64_s53,500070,942,96
2026-09-26_142800_article_merge_64_s53,500071,99,12
2026-09-26_142800_article_merge_64_s53,500072,606,48
2026-09-26_142800_article_merge_64_s53,500073,66,12
2026-09-26_142800_article_merge_64_s53,500074,321,48
2026-09-26_142800_article_merge_64_s53,500075,75,12
2026-09-26_142800_article_merge_64_s53,500076,867,96
2026-09-26_142800_article_merge_64_s53,500077,315,24
2026-09-26_142800_article_merge_64_s53,500078,345,24
2026-09-26_142800_article_merge_64_s53,500079,1458,96
2026-09-26_142800_article_merge_64_s53,500080,960,96
2026-09-26_142800_article_merge_64_s53,500081,102,12
2026-09-26_142800_article_merge_64_s53,500082,39,6
2026-09-26_142800_article_merge_64_s53,500083,354,24
2026-09-26_142800_article_merge_64_s53,500084,72,12
2026-09-26_142800_article_merge_64_s53,500085,351,24
2026-09-26_142800_article_merge_64_s53,500086,99,12
2026-09-26_142800_article_merge_64_s53,500087,396,48
2026-09-26_142800_article_merge_64_s53,500088,558,48
2026-09-26_142800_article_merge_64_s53,500089,570,48
2026-09-26_142800_article_merge_64_s53,500090,399,48
2026-09-26_142800_article_merge_64_s53,500091,189,24
2026-09-26_142800_article_merge_64_s53,500092,966,96
2026-09-26_142800_article_merge_64_s53,500093,789,48
2026-09-26_142800_article_merge_64_s53,500094,468,48
2026-09-26_142800_article_merge_64_s53,500095,252,24
2026-09-26_142800_article_merge_64_s53,500096,258,24
2026-09-26_142800_article_merge_64_s53,500097,402,48
2026-09-26_142800_article_merge_64_s53,500098,828,48
2026-09-26_142800_article_merge_64_s53,500099,171,24
2026-09-26_142800_article_merge_64_s53,500100,333,24
2026-09-26_142800_article_merge_64_s53,500101,120,12
2026-09-26_142800_article_merge_64_s53,500102,243,24
2026-09-26_142800_article_merge_64_s53,500103,240,24
2026-09-26_142800_article_merge_64_s53,500104,2703,192
2026-09-26_142800_article_merge_64_s53,500105,75,12
2026-09-26_142800_article_merge_64_s53,500106,159,24
2026-09-26_142800_article_merge_64_s53,500107,123,12
2026-09-26_142800_article_merge_64_s53,500108,489,48
2026-09-26_142800_article_merge_64_s53,500109,252,24
2026-09-26_142800_article_merge_64_s53,500110,276,24
2026-09-26_142800_article_merge_64_s53,500111,423,48
2026-09-26_142800_article_merge_64_s53,500112,936,96
2026-09-26_142800_article_merge_64_s53,500113,405,48
2026-09-26_142800_article_merge_64_s53,500114,258,24
2026-09-26_142800_article_merge_64_s53,500115,105,12
2026-09-26_142800_article_merge_64_s53,500116,90,12
2026-09-26_142800_article_merge_64_s53,500117,462,48
2026-09-26_142800_article_merge_64_s53,500118,387,48
2026-09-26_142800_article_merge_64_s53,500119,606,48
2026-09-26_142800_article_merge_64_s53,500120,966,96
2026-09-26_142800_article_merge_64_s53,500121,237,24
2026-09-26_142800_article_merge_64_s53,500122,462,48
2026-09-26_142800_article_merge_64_s53,500123,243,24
2026-09-26_142800_article_merge_64_s53,500124,174,24
2026-09-26_142800_article_merge_64_s53,500125,330,48
2026-09-26_142800_article_merge_64_s53,500126,165,24
2026-09-26_142800_article_merge_64_s53,500127,981,96
2026-09-26_142800_article_merge_64_s53,500128,171,24
2026-09-26_142800_article_merge_64_s53,500129,1368,96
2026-09-26_142800_article_merge_64_s53,500130,246,24
2026-09-26_142800_article_merge_64_s53,500131,519,48
2026-09-26_142800_article_merge_64_s53,500132,1152,96
2026-09-26_142800_article_merge_64_s53,500133,483,48
2026-09-26_142800_article_merge_64_s53,500134,828,48
2026-09-26_142800_article_merge_64_s53,500135,258,24
2026-09-26_142800_article_merge_64_s53,500136,162,24
2026-09-26_142800_article_merge_64_s53,500137,339,24
2026-09-26_142800_article_merge_64_s53,500138,54,6
2026-09-26_142800_article_merge_64_s53,500139,348,24
2026-09-26_142800_article_merge_64_s53,500140,234,24
2026-09-26_142800_article_merge_64_s53,500141,885,96
2026-09-26_142800_article_merge_64_s53,500142,87,12
2026-09-26_142800_article_merge_64_s53,500143,255,24
2026-09-26_142800_article_merge_64_s53,500144,273,24
2026-09-26_142800_article_merge_64_s53,500145,468,48
2026-09-26_142800_article_merge_64_s53,500146,129,12
2026-09-26_142800_article_merge_64_s53,500147,174,24
2026-09-26_142800_article_merge_64_s53,500148,594,48
2026-09-26_142800_article_merge_64_s53,500149,654,48
2026-09-26_142800_article_merge_64_s53,500150,1647,96
2026-09-26_142800_article_merge_64_s53,500151,147,24
2026-09-26_142800_article_merge_64_s53,500152,126,12
2026-09-26_142800_article_merge_64_s53,500153,81,12
2026-09-26_142800_article_merge_64_s53,500154,732,48
2026-09-26_142800_article_merge_64_s53,500155,1296,96
2026-09-26_142800_article_merge_64_s53,500156,324,48
2026-09-26_142800_article_merge_64_s53,500157,1023,96
2026-09-26_142800_article_merge_64_s53,500158,324,48
2026-09-26_142800_article_merge_64_s53,500159,981,96
2026-09-26_142800_article_merge_64_s53,500160,159,24
2026-09-26_142800_article_merge_64_s53,500161,567,48
2026-09-26_142800_article_merge_64_s53,500162,516,48
2026-09-26_142800_article_merge_64_s53,500163,399,48
2026-09-26_142800_article_merge_64_s53,500164,438,48
2026-09-26_142800_article_merge_64_s53,500165,198,24
2026-09-26_142800_article_merge_64_s53,500166,342,24
2026-09-26_142800_article_merge_64_s53,500167,414,48
2026-09-26_142800_article_merge_64_s53,500168,264,24
2026-09-26_142800_article_merge_64_s53,500169,405,48
2026-09-26_142800_article_merge_64_s53,500170,186,24
2026-09-26_142800_article_merge_64_s53,500171,213,24
2026-09-26_142800_article_merge_64_s53,500172,501,48
2026-09-26_142800_article_merge_64_s53,500173,147,24
2026-09-26_142800_article_merge_64_s53,500174,951,96
2026-09-26_142800_article_merge_64_s53,500175,228,24
2026-09-26_142800_article_merge_64_s53,500176,210,24
2026-09-26_142800_article_merge_64_s53,500177,534,48
2026-09-26_142800_article_merge_64_s53,500178,417,48
2026-09-26_142800_article_merge_64_s53,500179,486,48
2026-09-26_142800_article_merge_64_s53,500180,1203,48
2026-09-26_142800_article_merge_64_s53,500181,513,48
2026-09-26_142800_article_merge_64_s53,500182,957,96
2026-09-26_142800_article_merge_64_s53,500183,93,12
2026-09-26_142800_article_merge_64_s53,500184,243,24
2026-09-26_142800_article_merge_64_s53,500185,462,48
2026-09-26_142800_article_merge_64_s53,500186,1317,96
2026-09-26_142800_article_merge_64_s53,500187,702,48
2026-09-26_142800_article_merge_64_s53,500188,411,48
2026-09-26_142800_article_merge_64_s53,500189,327,24
2026-09-26_142800_article_merge_64_s53,500190,969,96
2026-09-26_142800_article_merge_64_s53,500191,357,24
2026-09-26_142800_article_merge_64_s53,500192,219,24
2026-09-26_142800_article_merge_64_s53,500193,162,24
2026-09-26_142800_article_merge_64_s53,500194,129,12
2026-09-26_142800_article_merge_64_s53,500195,174,24
2026-09-26_142800_article_merge_64_s53,500196,69,12
2026-09-26_142800_article_merge_64_s53,500197,270,24
2026-09-26_142800_article_merge_64_s53,500198,369,48
2026-09-26_142800_article_merge_64_s53,500199,408,24
2026-09-26_142800_article_merge_64_s53,500200,558,48
2026-09-26_142800_article_merge_64_s53,500201,171,24
2026-09-26_142800_article_merge_64_s53,500202,384,48
2026-09-26_142800_article_merge_64_s53,500203,93,12
2026-09-26_142800_article_merge_64_s53,500204,183,24
2026-09-26_142800_article_merge_64_s53,500205,111,12
2026-09-26_142800_article_merge_64_s53,500206,132,12
2026-09-26_142800_article_merge_64_s53,500207,84,12
2026-09-26_142800_article_merge_64_s53,500208,132,24
2026-09-26_142800_article_merge_64_s53,500209,720,48
2026-09-26_142800_article_merge_64_s53,500210,162,24
2026-09-26_142800_article_merge_64_s53,500211,429,48
2026-09-26_142800_article_merge_64_s53,500212,243,24
2026-09-26_142800_article_merge_64_s53,500213,894,96
2026-09-26_142800_article_merge_64_s53,500214,1203,96
2026-09-26_142800_article_merge_64_s53,500215,1212,96
2026-09-26_142800_article_merge_64_s53,500216,234,24
2026-09-26_142800_article_merge_64_s53,500217,516,48
2026-09-26_142800_article_merge_64_s53,500218,723,48
2026-09-26_142800_article_merge_64_s53,500219,168,24
2026-09-26_142800_article_merge_64_s53,500220,339,24
2026-09-26_142800_article_merge_64_s53,500221,177,24
2026-09-26_142800_article_merge_64_s53,500222,147,24
2026-09-26_142800_article_merge_64_s53,500223,489,48
2026-09-26_142800_article_merge_64_s53,500224,156,24
2026-09-26_142800_article_merge_64_s53,500225,183,24
2026-09-26_142800_article_merge_64_s53,500226,180,24
2026-09-26_142800_article_merge_64_s53,500227,399,48
2026-09-26_142800_article_merge_64_s53,500228,567,48
2026-09-26_142800_article_merge_64_s53,500229,42,6
2026-09-26_142800_article_merge_64_s53,500230,489,48
2026-09-26_142800_article_merge_64_s53,500231,147,24
2026-09-26_142800_article_merge_64_s53,500232,168,24
2026-09-26_142800_article_merge_64_s53,500233,708,48
2026-09-26_142800_article_merge_64_s53,500234,390,48
2026-09-26_142800_article_merge_64_s53,500235,237,24
2026-09-26_142800_article_merge_64_s53,500236,99,12
2026-09-26_142800_article_merge_64_s53,500237,201,24
2026-09-26_142800_article_merge_64_s53,500238,120,24
2026-09-26_142800_article_merge_64_s53,500239,171,24
2026-09-26_142800_article_merge_64_s53,500240,222,24
2026-09-26_142800_article_merge_64_s53,500241,414,48
2026-09-26_142800_article_merge_64_s53,500242,450,48
2026-09-26_142800_article_merge_64_s53,500243,207,24
2026-09-26_142800_article_merge_64_s53,500244,309,48
2026-09-26_142800_article_merge_64_s53,500245,225,24
2026-09-26_142800_article_merge_64_s53,500246,339,24
2026-09-26_142800_article_merge_64_s53,500247,72,12
2026-09-26_142800_article_merge_64_s53,500248,336,24
2026-09-26_142800_article_merge_64_s53,500249,132,12
2026-09-26_142800_article_merge_64_s53,500250,567,48
2026-09-26_142800_article_merge_64_s53,500251,333,24
2026-09-26_142800_article_merge_64_s53,500252,381,48
2026-09-26_142800_article_merge_64_s53,500253,513,48
2026-09-26_142800_article_merge_64_s53,500254,201,24
2026-09-26_142800_article_merge_64_s53,500255,543,48
2026-09-26_142800_article_merge_64_s53,500256,288,24
2026-09-26_142800_article_merge_64_s53,500257,666,48
2026-09-26_142800_article_merge_64_s53,500258,381,48
2026-09-26_142800_article_merge_64_s53,500259,903,48
2026-09-26_142800_article_merge_64_s53,500260,153,24
2026-09-26_142800_article_merge_64_s53,500261,636,48
2026-09-26_142800_article_merge_64_s53,500262,234,24
2026-09-26_142800_article_merge_64_s53,500263,558,48
2026-09-26_142800_article_merge_64_s53,500264,171,24
2026-09-26_142800_article_merge_64_s53,500265,1275,96
2026-09-26_142800_article_merge_64_s53,500266,324,24
2026-09-26_142800_article_merge_64_s53,500267,144,12
2026-09-26_142800_article_merge_64_s53,500268,42,6
2026-09-26_142800_article_merge_64_s53,500269,393,48
2026-09-26_142800_article_merge_64_s53,500270,567,48
2026-09-26_142800_article_merge_64_s53,500271,261,24
2026-09-26_142800_article_merge_64_s53,500272,177,12
2026-09-26_142800_article_merge_64_s53,500273,198,24
2026-09-26_142800_article_merge_64_s53,500274,330,48
2026-09-26_142800_article_merge_64_s53,500275,429,24
2026-09-26_142800_article_merge_64_s53,500276,756,48
2026-09-26_142800_article_merge_64_s53,500277,699,48
2026-09-26_142800_article_merge_64_s53,500278,450,48
2026-09-26_142800_article_merge_64_s53,500279,69,12
2026-09-26_142800_article_merge_64_s53,500280,90,12
2026-09-26_142800_article_merge_64_s53,500281,405,48
2026-09-26_142800_article_merge_64_s53,500282,165,24
2026-09-26_142800_article_merge_64_s53,500283,180,24
2026-09-26_142800_article_merge_64_s53,500284,162,12
2026-09-26_142800_article_merge_64_s53,500285,69,12
2026-09-26_142800_article_merge_64_s53,500286,1266,96
2026-09-26_142800_article_merge_64_s53,500287,261,24
2026-09-26_142800_article_merge_64_s53,500288,600,48
2026-09-26_142800_article_merge_64_s53,500289,297,48
2026-09-26_142800_article_merge_64_s53,500290,180,24
2026-09-26_142800_article_merge_64_s53,500291,240,24
2026-09-26_142800_article_merge_64_s53,500292,408,48
2026-09-26_142800_article_merge_64_s53,500293,111,12
2026-09-26_142800_article_merge_64_s53,500294,384,48
2026-09-26_142800_article_merge_64_s53,500295,300,48
2026-09-26_142800_article_merge_64_s53,500296,669,48
2026-09-26_142800_article_merge_64_s53,500297,327,24
2026-09-26_142800_article_merge_64_s53,500298,492,48
2026-09-26_142800_article_merge_64_s53,500299,93,12
2026-09-26_142800_article_merge_256_s52,500000,132,12
2026-09-26_142800_article_merge_256_s52,500001,402,48
2026-09-26_142800_article_merge_256_s52,500002,564,48
2026-09-26_142800_article_merge_256_s52,500003,240,24
2026-09-26_142800_article_merge_256_s52,500004,312,48
2026-09-26_142800_article_merge_256_s52,500005,294,24
2026-09-26_142800_article_merge_256_s52,500006,507,48
2026-09-26_142800_article_merge_256_s52,500007,87,12
2026-09-26_142800_article_merge_256_s52,500008,1215,96
2026-09-26_142800_article_merge_256_s52,500009,996,96
2026-09-26_142800_article_merge_256_s52,500010,417,48
2026-09-26_142800_article_merge_256_s52,500011,1161,96
2026-09-26_142800_article_merge_256_s52,500012,1152,96
2026-09-26_142800_article_merge_256_s52,500013,1410,96
2026-09-26_142800_article_merge_256_s52,500014,324,24
2026-09-26_142800_article_merge_256_s52,500015,462,48
2026-09-26_142800_article_merge_256_s52,500016,738,48
2026-09-26_142800_article_merge_256_s52,500017,456,48
2026-09-26_142800_article_merge_256_s52,500018,396,48
2026-09-26_142800_article_merge_256_s52,500019,255,24
2026-09-26_142800_article_merge_256_s52,500020,237,24
2026-09-26_142800_article_merge_256_s52,500021,87,12
2026-09-26_142800_article_merge_256_s52,500022,258,24
2026-09-26_142800_article_merge_256_s52,500023,369,24
2026-09-26_142800_article_merge_256_s52,500024,762,48
2026-09-26_142800_article_merge_256_s52,500025,405,48
2026-09-26_142800_article_merge_256_s52,500026,699,48
2026-09-26_142800_article_merge_256_s52,500027,63,12
2026-09-26_142800_article_merge_256_s52,500028,300,24
2026-09-26_142800_article_merge_256_s52,500029,114,12
2026-09-26_142800_article_merge_256_s52,500030,345,48
2026-09-26_142800_article_merge_256_s52,500031,438,48
2026-09-26_142800_article_merge_256_s52,500032,1233,96
2026-09-26_142800_article_merge_256_s52,500033,81,12
2026-09-26_142800_article_merge_256_s52,500034,654,48
2026-09-26_142800_article_merge_256_s52,500035,570,48
2026-09-26_142800_article_merge_256_s52,500036,1533,96
2026-09-26_142800_article_merge_256_s52,500037,204,24
2026-09-26_142800_article_merge_256_s52,500038,2418,192
2026-09-26_142800_article_merge_256_s52,500039,1212,96
2026-09-26_142800_article_merge_256_s52,500040,372,48
2026-09-26_142800_article_merge_256_s52,500041,489,48
2026-09-26_142800_article_merge_256_s52,500042,306,48
2026-09-26_142800_article_merge_256_s52,500043,138,12
2026-09-26_142800_article_merge_256_s52,500044,729,48
2026-09-26_142800_article_merge_256_s52,500045,1707,96
2026-09-26_142800_article_merge_256_s52,500046,141,24
2026-09-26_142800_article_merge_256_s52,500047,396,48
2026-09-26_142800_article_merge_256_s52,500048,414,48
2026-09-26_142800_article_merge_256_s52,500049,270,24
2026-09-26_142800_article_merge_256_s52,500050,726,48
2026-09-26_142800_article_merge_256_s52,500051,204,24
2026-09-26_142800_article_merge_256_s52,500052,285,24
2026-09-26_142800_article_merge_256_s52,500053,540,48
2026-09-26_142800_article_merge_256_s52,500054,219,24
2026-09-26_142800_article_merge_256_s52,500055,426,48
2026-09-26_142800_article_merge_256_s52,500056,321,24
2026-09-26_142800_article_merge_256_s52,500057,2157,96
2026-09-26_142800_article_merge_256_s52,500058,1395,96
2026-09-26_142800_article_merge_256_s52,500059,183,24
2026-09-26_142800_article_merge_256_s52,500060,78,12
2026-09-26_142800_article_merge_256_s52,500061,462,48
2026-09-26_142800_article_merge_256_s52,500062,867,96
2026-09-26_142800_article_merge_256_s52,500063,96,12
2026-09-26_142800_article_merge_256_s52,500064,492,48
2026-09-26_142800_article_merge_256_s52,500065,159,24
2026-09-26_142800_article_merge_256_s52,500066,459,48
2026-09-26_142800_article_merge_256_s52,500067,474,48
2026-09-26_142800_article_merge_256_s52,500068,648,48
2026-09-26_142800_article_merge_256_s52,500069,681,48
2026-09-26_142800_article_merge_256_s52,500070,1446,96
2026-09-26_142800_article_merge_256_s52,500071,531,48
2026-09-26_142800_article_merge_256_s52,500072,183,24
2026-09-26_142800_article_merge_256_s52,500073,237,24
2026-09-26_142800_article_merge_256_s52,500074,1167,96
2026-09-26_142800_article_merge_256_s52,500075,1500,96
2026-09-26_142800_article_merge_256_s52,500076,357,48
2026-09-26_142800_article_merge_256_s52,500077,111,12
2026-09-26_142800_article_merge_256_s52,500078,192,24
2026-09-26_142800_article_merge_256_s52,500079,432,48
2026-09-26_142800_article_merge_256_s52,500080,1581,96
2026-09-26_142800_article_merge_256_s52,500081,753,48
2026-09-26_142800_article_merge_256_s52,500082,219,24
2026-09-26_142800_article_merge_256_s52,500083,414,48
2026-09-26_142800_article_merge_256_s52,500084,423,48
2026-09-26_142800_article_merge_256_s52,500085,69,12
2026-09-26_142800_article_merge_256_s52,500086,321,24
2026-09-26_142800_article_merge_256_s52,500087,210,24
2026-09-26_142800_article_merge_256_s52,500088,474,48
2026-09-26_142800_article_merge_256_s52,500089,486,48
2026-09-26_142800_article_merge_256_s52,500090,1488,96
2026-09-26_142800_article_merge_256_s52,500091,468,48
2026-09-26_142800_article_merge_256_s52,500092,459,48
2026-09-26_142800_article_merge_256_s52,500093,1026,96
2026-09-26_142800_article_merge_256_s52,500094,747,48
2026-09-26_142800_article_merge_256_s52,500095,204,24
2026-09-26_142800_article_merge_256_s52,500096,489,48
2026-09-26_142800_article_merge_256_s52,500097,405,48
2026-09-26_142800_article_merge_256_s52,500098,570,48
2026-09-26_142800_article_merge_256_s52,500099,438,48
2026-09-26_142800_article_merge_256_s52,500100,672,48
2026-09-26_142800_article_merge_256_s52,500101,1515,96
2026-09-26_142800_article_merge_256_s52,500102,891,96
2026-09-26_142800_article_merge_256_s52,500103,180,24
2026-09-26_142800_article_merge_256_s52,500104,150,24
2026-09-26_142800_article_merge_256_s52,500105,762,48
2026-09-26_142800_article_merge_256_s52,500106,492,48
2026-09-26_142800_article_merge_256_s52,500107,129,12
2026-09-26_142800_article_merge_256_s52,500108,438,48
2026-09-26_142800_article_merge_256_s52,500109,219,24
2026-09-26_142800_article_merge_256_s52,500110,171,24
2026-09-26_142800_article_merge_256_s52,500111,900,96
2026-09-26_142800_article_merge_256_s52,500112,204,24
2026-09-26_142800_article_merge_256_s52,500113,399,48
2026-09-26_142800_article_merge_256_s52,500114,1065,96
2026-09-26_142800_article_merge_256_s52,500115,312,24
2026-09-26_142800_article_merge_256_s52,500116,468,48
2026-09-26_142800_article_merge_256_s52,500117,894,96
2026-09-26_142800_article_merge_256_s52,500118,75,12
2026-09-26_142800_article_merge_256_s52,500119,489,48
2026-09-26_142800_article_merge_256_s52,500120,675,48
2026-09-26_142800_article_merge_256_s52,500121,90,12
2026-09-26_142800_article_merge_256_s52,500122,405,48
2026-09-26_142800_article_merge_256_s52,500123,105,12
2026-09-26_142800_article_merge_256_s52,500124,354,24
2026-09-26_142800_article_merge_256_s52,500125,855,96
2026-09-26_142800_article_merge_256_s52,500126,81,12
2026-09-26_142800_article_merge_256_s52,500127,585,48
2026-09-26_142800_article_merge_256_s52,500128,174,24
2026-09-26_142800_article_merge_256_s52,500129,510,48
2026-09-26_142800_article_merge_256_s52,500130,432,48
2026-09-26_142800_article_merge_256_s52,500131,711,48
2026-09-26_142800_article_merge_256_s52,500132,738,48
2026-09-26_142800_article_merge_256_s52,500133,954,96
2026-09-26_142800_article_merge_256_s52,500134,75,12
2026-09-26_142800_article_merge_256_s52,500135,294,24
2026-09-26_142800_article_merge_256_s52,500136,498,48
2026-09-26_142800_article_merge_256_s52,500137,369,24
2026-09-26_142800_article_merge_256_s52,500138,198,24
2026-09-26_142800_article_merge_256_s52,500139,177,24
2026-09-26_142800_article_merge_256_s52,500140,741,48
2026-09-26_142800_article_merge_256_s52,500141,1197,96
2026-09-26_142800_article_merge_256_s52,500142,123,24
2026-09-26_142800_article_merge_256_s52,500143,186,24
2026-09-26_142800_article_merge_256_s52,500144,411,48
2026-09-26_142800_article_merge_256_s52,500145,213,24
2026-09-26_142800_article_merge_256_s52,500146,633,48
2026-09-26_142800_article_merge_256_s52,500147,555,48
2026-09-26_142800_article_merge_256_s52,500148,465,48
2026-09-26_142800_article_merge_256_s52,500149,1449,96
2026-09-26_142800_article_merge_256_s52,500150,459,48
2026-09-26_142800_article_merge_256_s52,500151,267,24
2026-09-26_142800_article_merge_256_s52,500152,183,24
2026-09-26_142800_article_merge_256_s52,500153,102,12
2026-09-26_142800_article_merge_256_s52,500154,750,48
2026-09-26_142800_article_merge_256_s52,500155,120,12
2026-09-26_142800_article_merge_256_s52,500156,372,48
2026-09-26_142800_article_merge_256_s52,500157,411,24
2026-09-26_142800_article_merge_256_s52,500158,654,48
2026-09-26_142800_article_merge_256_s52,500159,462,48
2026-09-26_142800_article_merge_256_s52,500160,195,24
2026-09-26_142800_article_merge_256_s52,500161,399,48
2026-09-26_142800_article_merge_256_s52,500162,63,12
2026-09-26_142800_article_merge_256_s52,500163,93,12
2026-09-26_142800_article_merge_256_s52,500164,246,24
2026-09-26_142800_article_merge_256_s52,500165,162,24
2026-09-26_142800_article_merge_256_s52,500166,654,48
2026-09-26_142800_article_merge_256_s52,500167,417,48
2026-09-26_142800_article_merge_256_s52,500168,450,48
2026-09-26_142800_article_merge_256_s52,500169,1044,96
2026-09-26_142800_article_merge_256_s52,500170,153,24
2026-09-26_142800_article_merge_256_s52,500171,219,24
2026-09-26_142800_article_merge_256_s52,500172,1332,96
2026-09-26_142800_article_merge_256_s52,500173,1218,96
2026-09-26_142800_article_merge_256_s52,500174,828,96
2026-09-26_142800_article_merge_256_s52,500175,408,48
2026-09-26_142800_article_merge_256_s52,500176,477,48
2026-09-26_142800_article_merge_256_s52,500177,147,12
2026-09-26_142800_article_merge_256_s52,500178,102,12
2026-09-26_142800_article_merge_256_s52,500179,423,48
2026-09-26_142800_article_merge_256_s52,500180,426,48
2026-09-26_142800_article_merge_256_s52,500181,1005,96
2026-09-26_142800_article_merge_256_s52,500182,912,96
2026-09-26_142800_article_merge_256_s52,500183,513,48
2026-09-26_142800_article_merge_256_s52,500184,339,24
2026-09-26_142800_article_merge_256_s52,500185,723,48
2026-09-26_142800_article_merge_256_s52,500186,111,12
2026-09-26_142800_article_merge_256_s52,500187,2640,192
2026-09-26_142800_article_merge_256_s52,500188,393,48
2026-09-26_142800_article_merge_256_s52,500189,414,24
2026-09-26_142800_article_merge_256_s52,500190,1188,96
2026-09-26_142800_article_merge_256_s52,500191,267,24
2026-09-26_142800_article_merge_256_s52,500192,651,48
2026-09-26_142800_article_merge_256_s52,500193,222,24
2026-09-26_142800_article_merge_256_s52,500194,525,48
2026-09-26_142800_article_merge_256_s52,500195,255,24
2026-09-26_142800_article_merge_256_s52,500196,495,48
2026-09-26_142800_article_merge_256_s52,500197,276,24
2026-09-26_142800_article_merge_256_s52,500198,495,48
2026-09-26_142800_article_merge_256_s52,500199,189,24
2026-09-26_142800_article_merge_256_s52,500200,843,48
2026-09-26_142800_article_merge_256_s52,500201,432,48
2026-09-26_142800_article_merge_256_s52,500202,264,24
2026-09-26_142800_article_merge_256_s52,500203,210,24
2026-09-26_142800_article_merge_256_s52,500204,1215,96
2026-09-26_142800_article_merge_256_s52,500205,249,24
2026-09-26_142800_article_merge_256_s52,500206,1404,96
2026-09-26_142800_article_merge_256_s52,500207,486,48
2026-09-26_142800_article_merge_256_s52,500208,960,96
2026-09-26_142800_article_merge_256_s52,500209,279,24
2026-09-26_142800_article_merge_256_s52,500210,69,12
2026-09-26_142800_article_merge_256_s52,500211,612,48
2026-09-26_142800_article_merge_256_s52,500212,210,24
2026-09-26_142800_article_merge_256_s52,500213,141,12
2026-09-26_142800_article_merge_256_s52,500214,381,48
2026-09-26_142800_article_merge_256_s52,500215,681,48
2026-09-26_142800_article_merge_256_s52,500216,348,24
2026-09-26_142800_article_merge_256_s52,500217,183,24
2026-09-26_142800_article_merge_256_s52,500218,195,24
2026-09-26_142800_article_merge_256_s52,500219,285,24
2026-09-26_142800_article_merge_256_s52,500220,516,48
2026-09-26_142800_article_merge_256_s52,500221,216,24
2026-09-26_142800_article_merge_256_s52,500222,468,48
2026-09-26_142800_article_merge_256_s52,500223,2562,192
2026-09-26_142800_article_merge_256_s52,500224,330,24
2026-09-26_142800_article_merge_256_s52,500225,702,48
2026-09-26_142800_article_merge_256_s52,500226,411,48
2026-09-26_142800_article_merge_256_s52,500227,216,24
2026-09-26_142800_article_merge_256_s52,500228,453,48
2026-09-26_142800_article_merge_256_s52,500229,174,24
2026-09-26_142800_article_merge_256_s52,500230,81,12
2026-09-26_142800_article_merge_256_s52,500231,687,48
2026-09-26_142800_article_merge_256_s52,500232,168,24
2026-09-26_142800_article_merge_256_s52,500233,903,96
2026-09-26_142800_article_merge_256_s52,500234,222,24
2026-09-26_142800_article_merge_256_s52,500235,720,48
2026-09-26_142800_article_merge_256_s52,500236,135,12
2026-09-26_142800_article_merge_256_s52,500237,267,24
2026-09-26_142800_article_merge_256_s52,500238,414,48
2026-09-26_142800_article_merge_256_s52,500239,108,12
2026-09-26_142800_article_merge_256_s52,500240,285,24
2026-09-26_142800_article_merge_256_s52,500241,183,24
2026-09-26_142800_article_merge_256_s52,500242,477,48
2026-09-26_142800_article_merge_256_s52,500243,198,24
2026-09-26_142800_article_merge_256_s52,500244,219,24
2026-09-26_142800_article_merge_256_s52,500245,1239,96
2026-09-26_142800_article_merge_256_s52,500246,288,24
2026-09-26_142800_article_merge_256_s52,500247,177,24
2026-09-26_142800_article_merge_256_s52,500248,345,24
2026-09-26_142800_article_merge_256_s52,500249,444,48
2026-09-26_142800_article_merge_256_s52,500250,993,96
2026-09-26_142800_article_merge_256_s52,500251,246,24
2026-09-26_142800_article_merge_256_s52,500252,402,48
2026-09-26_142800_article_merge_256_s52,500253,408,48
2026-09-26_142800_article_merge_256_s52,500254,1230,96
2026-09-26_142800_article_merge_256_s52,500255,348,48
2026-09-26_142800_article_merge_256_s52,500256,168,24
2026-09-26_142800_article_merge_256_s52,500257,342,48
2026-09-26_142800_article_merge_256_s52,500258,1305,96
2026-09-26_142800_article_merge_256_s52,500259,231,24
2026-09-26_142800_article_merge_256_s52,500260,468,48
2026-09-26_142800_article_merge_256_s52,500261,1533,96
2026-09-26_142800_article_merge_256_s52,500262,441,48
2026-09-26_142800_article_merge_256_s52,500263,894,96
2026-09-26_142800_article_merge_256_s52,500264,525,48
2026-09-26_142800_article_merge_256_s52,500265,306,24
2026-09-26_142800_article_merge_256_s52,500266,174,24
2026-09-26_142800_article_merge_256_s52,500267,399,48
2026-09-26_142800_article_merge_256_s52,500268,174,24
2026-09-26_142800_article_merge_256_s52,500269,489,48
2026-09-26_142800_article_merge_256_s52,500270,555,48
2026-09-26_142800_article_merge_256_s52,500271,270,24
2026-09-26_142800_article_merge_256_s52,500272,1173,96
2026-09-26_142800_article_merge_256_s52,500273,246,24
2026-09-26_142800_article_merge_256_s52,500274,255,24
2026-09-26_142800_article_merge_256_s52,500275,327,48
2026-09-26_142800_article_merge_256_s52,500276,75,12
2026-09-26_142800_article_merge_256_s52,500277,492,48
2026-09-26_142800_article_merge_256_s52,500278,126,12
2026-09-26_142800_article_merge_256_s52,500279,81,12
2026-09-26_142800_article_merge_256_s52,500280,357,48
2026-09-26_142800_article_merge_256_s52,500281,138,12
2026-09-26_142800_article_merge_256_s52,500282,513,48
2026-09-26_142800_article_merge_256_s52,500283,174,24
2026-09-26_142800_article_merge_256_s52,500284,192,24
2026-09-26_142800_article_merge_256_s52,500285,120,12
2026-09-26_142800_article_merge_256_s52,500286,774,48
2026-09-26_142800_article_merge_256_s52,500287,195,24
2026-09-26_142800_article_merge_256_s52,500288,324,24
2026-09-26_142800_article_merge_256_s52,500289,546,48
2026-09-26_142800_article_merge_256_s52,500290,396,48
2026-09-26_142800_article_merge_256_s52,500291,414,48
2026-09-26_142800_article_merge_256_s52,500292,165,24
2026-09-26_142800_article_merge_256_s52,500293,150,12
2026-09-26_142800_article_merge_256_s52,500294,321,48
2026-09-26_142800_article_merge_256_s52,500295,261,24
2026-09-26_142800_article_merge_256_s52,500296,255,24
2026-09-26_142800_article_merge_256_s52,500297,126,12
2026-09-26_142800_article_merge_256_s52,500298,1005,96
2026-09-26_142800_article_merge_256_s52,500299,324,24
2026-09-26_142800_article_merge_256_s53,500000,249,24
2026-09-26_142800_article_merge_256_s53,500001,672,48
2026-09-26_142800_article_merge_256_s53,500002,630,48
2026-09-26_142800_article_merge_256_s53,500003,171,24
2026-09-26_142800_article_merge_256_s53,500004,486,48
2026-09-26_142800_article_merge_256_s53,500005,420,48
2026-09-26_142800_article_merge_256_s53,500006,420,48
2026-09-26_142800_article_merge_256_s53,500007,222,24
2026-09-26_142800_article_merge_256_s53,500008,420,48
2026-09-26_142800_article_merge_256_s53,500009,906,96
2026-09-26_142800_article_merge_256_s53,500010,237,24
2026-09-26_142800_article_merge_256_s53,500011,357,48
2026-09-26_142800_article_merge_256_s53,500012,546,48
2026-09-26_142800_article_merge_256_s53,500013,528,48
2026-09-26_142800_article_merge_256_s53,500014,486,48
2026-09-26_142800_article_merge_256_s53,500015,108,12
2026-09-26_142800_article_merge_256_s53,500016,645,48
2026-09-26_142800_article_merge_256_s53,500017,504,48
2026-09-26_142800_article_merge_256_s53,500018,132,12
2026-09-26_142800_article_merge_256_s53,500019,453,48
2026-09-26_142800_article_merge_256_s53,500020,1086,96
2026-09-26_142800_article_merge_256_s53,500021,315,24
2026-09-26_142800_article_merge_256_s53,500022,288,24
2026-09-26_142800_article_merge_256_s53,500023,258,24
2026-09-26_142800_article_merge_256_s53,500024,441,48
2026-09-26_142800_article_merge_256_s53,500025,420,48
2026-09-26_142800_article_merge_256_s53,500026,234,24
2026-09-26_142800_article_merge_256_s53,500027,966,96
2026-09-26_142800_article_merge_256_s53,500028,906,96
2026-09-26_142800_article_merge_256_s53,500029,225,24
2026-09-26_142800_article_merge_256_s53,500030,324,24
2026-09-26_142800_article_merge_256_s53,500031,306,24
2026-09-26_142800_article_merge_256_s53,500032,474,48
2026-09-26_142800_article_merge_256_s53,500033,1134,96
2026-09-26_142800_article_merge_256_s53,500034,288,24
2026-09-26_142800_article_merge_256_s53,500035,207,24
2026-09-26_142800_article_merge_256_s53,500036,201,24
2026-09-26_142800_article_merge_256_s53,500037,681,48
2026-09-26_142800_article_merge_256_s53,500038,420,48
2026-09-26_142800_article_merge_256_s53,500039,546,48
2026-09-26_142800_article_merge_256_s53,500040,162,24
2026-09-26_142800_article_merge_256_s53,500041,222,24
2026-09-26_142800_article_merge_256_s53,500042,423,48
2026-09-26_142800_article_merge_256_s53,500043,234,24
2026-09-26_142800_article_merge_256_s53,500044,717,48
2026-09-26_142800_article_merge_256_s53,500045,159,24
2026-09-26_142800_article_merge_256_s53,500046,387,48
2026-09-26_142800_article_merge_256_s53,500047,243,24
2026-09-26_142800_article_merge_256_s53,500048,1449,96
2026-09-26_142800_article_merge_256_s53,500049,1971,96
2026-09-26_142800_article_merge_256_s53,500050,441,48
2026-09-26_142800_article_merge_256_s53,500051,195,24
2026-09-26_142800_article_merge_256_s53,500052,465,48
2026-09-26_142800_article_merge_256_s53,500053,102,12
2026-09-26_142800_article_merge_256_s53,500054,906,96
2026-09-26_142800_article_merge_256_s53,500055,2502,192
2026-09-26_142800_article_merge_256_s53,500056,177,24
2026-09-26_142800_article_merge_256_s53,500057,84,12
2026-09-26_142800_article_merge_256_s53,500058,231,24
2026-09-26_142800_article_merge_256_s53,500059,195,24
2026-09-26_142800_article_merge_256_s53,500060,246,24
2026-09-26_142800_article_merge_256_s53,500061,114,12
2026-09-26_142800_article_merge_256_s53,500062,2664,192
2026-09-26_142800_article_merge_256_s53,500063,360,48
2026-09-26_142800_article_merge_256_s53,500064,1158,96
2026-09-26_142800_article_merge_256_s53,500065,180,24
2026-09-26_142800_article_merge_256_s53,500066,177,24
2026-09-26_142800_article_merge_256_s53,500067,504,48
2026-09-26_142800_article_merge_256_s53,500068,450,48
2026-09-26_142800_article_merge_256_s53,500069,669,48
2026-09-26_142800_article_merge_256_s53,500070,321,48
2026-09-26_142800_article_merge_256_s53,500071,210,24
2026-09-26_142800_article_merge_256_s53,500072,543,48
2026-09-26_142800_article_merge_256_s53,500073,384,48
2026-09-26_142800_article_merge_256_s53,500074,1224,96
2026-09-26_142800_article_merge_256_s53,500075,300,48
2026-09-26_142800_article_merge_256_s53,500076,138,24
2026-09-26_142800_article_merge_256_s53,500077,408,48
2026-09-26_142800_article_merge_256_s53,500078,207,24
2026-09-26_142800_article_merge_256_s53,500079,237,24
2026-09-26_142800_article_merge_256_s53,500080,1299,96
2026-09-26_142800_article_merge_256_s53,500081,309,24
2026-09-26_142800_article_merge_256_s53,500082,243,24
2026-09-26_142800_article_merge_256_s53,500083,285,48
2026-09-26_142800_article_merge_256_s53,500084,354,48
2026-09-26_142800_article_merge_256_s53,500085,207,24
2026-09-26_142800_article_merge_256_s53,500086,246,24
2026-09-26_142800_article_merge_256_s53,500087,153,24
2026-09-26_142800_article_merge_256_s53,500088,231,24
2026-09-26_142800_article_merge_256_s53,500089,384,48
2026-09-26_142800_article_merge_256_s53,500090,84,12
2026-09-26_142800_article_merge_256_s53,500091,387,48
2026-09-26_142800_article_merge_256_s53,500092,417,48
2026-09-26_142800_article_merge_256_s53,500093,387,48
2026-09-26_142800_article_merge_256_s53,500094,330,24
2026-09-26_142800_article_merge_256_s53,500095,231,24
2026-09-26_142800_article_merge_256_s53,500096,261,24
2026-09-26_142800_article_merge_256_s53,500097,282,24
2026-09-26_142800_article_merge_256_s53,500098,114,12
2026-09-26_142800_article_merge_256_s53,500099,159,24
2026-09-26_142800_article_merge_256_s53,500100,198,24
2026-09-26_142800_article_merge_256_s53,500101,168,24
2026-09-26_142800_article_merge_256_s53,500102,222,24
2026-09-26_142800_article_merge_256_s53,500103,504,48
2026-09-26_142800_article_merge_256_s53,500104,510,48
2026-09-26_142800_article_merge_256_s53,500105,168,24
2026-09-26_142800_article_merge_256_s53,500106,1131,96
2026-09-26_142800_article_merge_256_s53,500107,438,48
2026-09-26_142800_article_merge_256_s53,500108,117,12
2026-09-26_142800_article_merge_256_s53,500109,858,96
2026-09-26_142800_article_merge_256_s53,500110,171,24
2026-09-26_142800_article_merge_256_s53,500111,345,24
2026-09-26_142800_article_merge_256_s53,500112,108,12
2026-09-26_142800_article_merge_256_s53,500113,579,48
2026-09-26_142800_article_merge_256_s53,500114,150,24
2026-09-26_142800_article_merge_256_s53,500115,186,24
2026-09-26_142800_article_merge_256_s53,500116,354,48
2026-09-26_142800_article_merge_256_s53,500117,186,24
2026-09-26_142800_article_merge_256_s53,500118,513,48
2026-09-26_142800_article_merge_256_s53,500119,564,48
2026-09-26_142800_article_merge_256_s53,500120,249,24
2026-09-26_142800_article_merge_256_s53,500121,240,24
2026-09-26_142800_article_merge_256_s53,500122,240,24
2026-09-26_142800_article_merge_256_s53,500123,126,24
2026-09-26_142800_article_merge_256_s53,500124,1002,96
2026-09-26_142800_article_merge_256_s53,500125,1089,96
2026-09-26_142800_article_merge_256_s53,500126,249,24
2026-09-26_142800_article_merge_256_s53,500127,183,24
2026-09-26_142800_article_merge_256_s53,500128,90,12
2026-09-26_142800_article_merge_256_s53,500129,693,48
2026-09-26_142800_article_merge_256_s53,500130,417,48
2026-09-26_142800_article_merge_256_s53,500131,1002,96
2026-09-26_142800_article_merge_256_s53,500132,342,48
2026-09-26_142800_article_merge_256_s53,500133,336,48
2026-09-26_142800_article_merge_256_s53,500134,465,48
2026-09-26_142800_article_merge_256_s53,500135,435,48
2026-09-26_142800_article_merge_256_s53,500136,162,24
2026-09-26_142800_article_merge_256_s53,500137,123,12
2026-09-26_142800_article_merge_256_s53,500138,312,24
2026-09-26_142800_article_merge_256_s53,500139,909,96
2026-09-26_142800_article_merge_256_s53,500140,384,48
2026-09-26_142800_article_merge_256_s53,500141,294,24
2026-09-26_142800_article_merge_256_s53,500142,417,48
2026-09-26_142800_article_merge_256_s53,500143,213,24
2026-09-26_142800_article_merge_256_s53,500144,570,48
2026-09-26_142800_article_merge_256_s53,500145,900,96
2026-09-26_142800_article_merge_256_s53,500146,225,24
2026-09-26_142800_article_merge_256_s53,500147,165,24
2026-09-26_142800_article_merge_256_s53,500148,468,48
2026-09-26_142800_article_merge_256_s53,500149,51,6
2026-09-26_142800_article_merge_256_s53,500150,1161,96
2026-09-26_142800_article_merge_256_s53,500151,570,48
2026-09-26_142800_article_merge_256_s53,500152,459,48
2026-09-26_142800_article_merge_256_s53,500153,231,24
2026-09-26_142800_article_merge_256_s53,500154,162,24
2026-09-26_142800_article_merge_256_s53,500155,234,24
2026-09-26_142800_article_merge_256_s53,500156,522,48
2026-09-26_142800_article_merge_256_s53,500157,933,96
2026-09-26_142800_article_merge_256_s53,500158,1245,96
2026-09-26_142800_article_merge_256_s53,500159,969,96
2026-09-26_142800_article_merge_256_s53,500160,621,48
2026-09-26_142800_article_merge_256_s53,500161,312,24
2026-09-26_142800_article_merge_256_s53,500162,177,24
2026-09-26_142800_article_merge_256_s53,500163,1062,96
2026-09-26_142800_article_merge_256_s53,500164,591,48
2026-09-26_142800_article_merge_256_s53,500165,213,24
2026-09-26_142800_article_merge_256_s53,500166,273,24
2026-09-26_142800_article_merge_256_s53,500167,198,24
2026-09-26_142800_article_merge_256_s53,500168,990,96
2026-09-26_142800_article_merge_256_s53,500169,1410,96
2026-09-26_142800_article_merge_256_s53,500170,423,48
2026-09-26_142800_article_merge_256_s53,500171,171,24
2026-09-26_142800_article_merge_256_s53,500172,375,48
2026-09-26_142800_article_merge_256_s53,500173,210,24
2026-09-26_142800_article_merge_256_s53,500174,219,24
2026-09-26_142800_article_merge_256_s53,500175,147,24
2026-09-26_142800_article_merge_256_s53,500176,486,48
2026-09-26_142800_article_merge_256_s53,500177,63,12
2026-09-26_142800_article_merge_256_s53,500178,243,24
2026-09-26_142800_article_merge_256_s53,500179,594,48
2026-09-26_142800_article_merge_256_s53,500180,1296,96
2026-09-26_142800_article_merge_256_s53,500181,270,24
2026-09-26_142800_article_merge_256_s53,500182,978,96
2026-09-26_142800_article_merge_256_s53,500183,117,12
2026-09-26_142800_article_merge_256_s53,500184,285,24
2026-09-26_142800_article_merge_256_s53,500185,276,48
2026-09-26_142800_article_merge_256_s53,500186,321,48
2026-09-26_142800_article_merge_256_s53,500187,375,48
2026-09-26_142800_article_merge_256_s53,500188,189,24
2026-09-26_142800_article_merge_256_s53,500189,267,24
2026-09-26_142800_article_merge_256_s53,500190,453,48
2026-09-26_142800_article_merge_256_s53,500191,303,24
2026-09-26_142800_article_merge_256_s53,500192,84,12
2026-09-26_142800_article_merge_256_s53,500193,2613,192
2026-09-26_142800_article_merge_256_s53,500194,396,24
2026-09-26_142800_article_merge_256_s53,500195,1077,96
2026-09-26_142800_article_merge_256_s53,500196,228,24
2026-09-26_142800_article_merge_256_s53,500197,132,12
2026-09-26_142800_article_merge_256_s53,500198,459,48
2026-09-26_142800_article_merge_256_s53,500199,204,24
2026-09-26_142800_article_merge_256_s53,500200,1098,96
2026-09-26_142800_article_merge_256_s53,500201,456,48
2026-09-26_142800_article_merge_256_s53,500202,303,24
2026-09-26_142800_article_merge_256_s53,500203,750,48
2026-09-26_142800_article_merge_256_s53,500204,153,24
2026-09-26_142800_article_merge_256_s53,500205,885,96
2026-09-26_142800_article_merge_256_s53,500206,177,24
2026-09-26_142800_article_merge_256_s53,500207,474,48
2026-09-26_142800_article_merge_256_s53,500208,618,48
2026-09-26_142800_article_merge_256_s53,500209,72,12
2026-09-26_142800_article_merge_256_s53,500210,126,12
2026-09-26_142800_article_merge_256_s53,500211,159,24
2026-09-26_142800_article_merge_256_s53,500212,168,12
2026-09-26_142800_article_merge_256_s53,500213,420,48
2026-09-26_142800_article_merge_256_s53,500214,237,24
2026-09-26_142800_article_merge_256_s53,500215,282,24
2026-09-26_142800_article_merge_256_s53,500216,489,48
2026-09-26_142800_article_merge_256_s53,500217,225,24
2026-09-26_142800_article_merge_256_s53,500218,192,24
2026-09-26_142800_article_merge_256_s53,500219,312,24
2026-09-26_142800_article_merge_256_s53,500220,1188,96
2026-09-26_142800_article_merge_256_s53,500221,213,24
2026-09-26_142800_article_merge_256_s53,500222,339,48
2026-09-26_142800_article_merge_256_s53,500223,327,48
2026-09-26_142800_article_merge_256_s53,500224,345,48
2026-09-26_142800_article_merge_256_s53,500225,99,12
2026-09-26_142800_article_merge_256_s53,500226,468,48
2026-09-26_142800_article_merge_256_s53,500227,186,24
2026-09-26_142800_article_merge_256_s53,500228,297,24
2026-09-26_142800_article_merge_256_s53,500229,147,24
2026-09-26_142800_article_merge_256_s53,500230,183,24
2026-09-26_142800_article_merge_256_s53,500231,126,12
2026-09-26_142800_article_merge_256_s53,500232,105,12
2026-09-26_142800_article_merge_256_s53,500233,315,48
2026-09-26_142800_article_merge_256_s53,500234,210,24
2026-09-26_142800_article_merge_256_s53,500235,270,24
2026-09-26_142800_article_merge_256_s53,500236,456,48
2026-09-26_142800_article_merge_256_s53,500237,249,24
2026-09-26_142800_article_merge_256_s53,500238,168,24
2026-09-26_142800_article_merge_256_s53,500239,522,48
2026-09-26_142800_article_merge_256_s53,500240,630,48
2026-09-26_142800_article_merge_256_s53,500241,324,24
2026-09-26_142800_article_merge_256_s53,500242,309,48
2026-09-26_142800_article_merge_256_s53,500243,513,48
2026-09-26_142800_article_merge_256_s53,500244,2592,192
2026-09-26_142800_article_merge_256_s53,500245,966,96
2026-09-26_142800_article_merge_256_s53,500246,516,48
2026-09-26_142800_article_merge_256_s53,500247,495,48
2026-09-26_142800_article_merge_256_s53,500248,396,48
2026-09-26_142800_article_merge_256_s53,500249,420,48
2026-09-26_142800_article_merge_256_s53,500250,471,48
2026-09-26_142800_article_merge_256_s53,500251,489,48
2026-09-26_142800_article_merge_256_s53,500252,396,48
2026-09-26_142800_article_merge_256_s53,500253,645,48
2026-09-26_142800_article_merge_256_s53,500254,996,96
2026-09-26_142800_article_merge_256_s53,500255,183,24
2026-09-26_142800_article_merge_256_s53,500256,495,48
2026-09-26_142800_article_merge_256_s53,500257,342,48
2026-09-26_142800_article_merge_256_s53,500258,351,48
2026-09-26_142800_article_merge_256_s53,500259,381,48
2026-09-26_142800_article_merge_256_s53,500260,1131,96
2026-09-26_142800_article_merge_256_s53,500261,249,24
2026-09-26_142800_article_merge_256_s53,500262,375,48
2026-09-26_142800_article_merge_256_s53,500263,408,48
2026-09-26_142800_article_merge_256_s53,500264,288,24
2026-09-26_142800_article_merge_256_s53,500265,963,96
2026-09-26_142800_article_merge_256_s53,500266,234,24
2026-09-26_142800_article_merge_256_s53,500267,192,24
2026-09-26_142800_article_merge_256_s53,500268,189,24
2026-09-26_142800_article_merge_256_s53,500269,840,96
2026-09-26_142800_article_merge_256_s53,500270,96,12
2026-09-26_142800_article_merge_256_s53,500271,417,48
2026-09-26_142800_article_merge_256_s53,500272,363,48
2026-09-26_142800_article_merge_256_s53,500273,519,48
2026-09-26_142800_article_merge_256_s53,500274,381,48
2026-09-26_142800_article_merge_256_s53,500275,381,48
2026-09-26_142800_article_merge_256_s53,500276,159,24
2026-09-26_142800_article_merge_256_s53,500277,207,24
2026-09-26_142800_article_merge_256_s53,500278,705,48
2026-09-26_142800_article_merge_256_s53,500279,1746,96
2026-09-26_142800_article_merge_256_s53,500280,231,24
2026-09-26_142800_article_merge_256_s53,500281,1515,96
2026-09-26_142800_article_merge_256_s53,500282,339,24
2026-09-26_142800_article_merge_256_s53,500283,2355,192
2026-09-26_142800_article_merge_256_s53,500284,570,48
2026-09-26_142800_article_merge_256_s53,500285,438,48
2026-09-26_142800_article_merge_256_s53,500286,396,48
2026-09-26_142800_article_merge_256_s53,500287,2406,192
2026-09-26_142800_article_merge_256_s53,500288,63,12
2026-09-26_142800_article_merge_256_s53,500289,984,96
2026-09-26_142800_article_merge_256_s53,500290,111,12
2026-09-26_142800_article_merge_256_s53,500291,162,24
2026-09-26_142800_article_merge_256_s53,500292,246,24
2026-09-26_142800_article_merge_256_s53,500293,309,24
2026-09-26_142800_article_merge_256_s53,500294,90,12
2026-09-26_142800_article_merge_256_s53,500295,258,24
2026-09-26_142800_article_merge_256_s53,500296,351,24
2026-09-26_142800_article_merge_256_s53,500297,114,12
2026-09-26_142800_article_merge_256_s53,500298,249,24
2026-09-26_142800_article_merge_256_s53,500299,852,48
