run,steps,seconds,train_seed,network,reward_id,reward,n_steps,batch_size,n_epochs,learning_rate,gamma,eval_games,eval_seed,eval_final_mean,eval_best_mean,holdout_mean,holdout_games,reference_mean,reference_ratio,relevance,retention,insight,started_at_local,git_commit,source_status
2026-09-25_183513_visual_smoke,1664,0.567,42,64-64,log_score_gain_v1,log1p(official score gain) for a legal move; -1 otherwise,128,64,2,0.0003,0.99,3,100042,207,334,,,,,low,trim later,"A technical check over 1,664 transitions; three evaluation games cannot support a performance conclusion.",2026-09-25T18:35:13-04:00,,historical_source_unavailable
2026-09-25_183728_visual_demo_20k,20224,12.106,42,64-64,log_score_gain_v1,log1p(official score gain) for a legal move; -1 otherwise,128,64,2,0.0003,0.99,20,100042,304.2,486.3,,,,,medium,trim later,"Tracking worked over 20,224 transitions and 11 evaluations; variation across 20 games prevents a performance conclusion.",2026-09-25T18:37:28-04:00,,historical_source_unavailable
2026-09-26_115920_ppo_200k_s42,200064,125.598,42,64-64,log_score_gain_v1,log1p(official score gain) for a legal move; -1 otherwise,128,64,2,0.0003,0.99,100,100042,495.57,495.57,411.39,300,1378.53,0.298,medium,trim later,The final model beats random play but remains well below the position and expected-spawn heuristics. It also illustrates variation across training seeds.,2026-09-26T11:59:20-04:00,,historical_source_unavailable
2026-09-26_120133_ppo_200k_s43,200064,127.057,43,64-64,log_score_gain_v1,log1p(official score gain) for a legal move; -1 otherwise,128,64,2,0.0003,0.99,100,100042,523.74,558.18,532.52,300,1378.53,0.386,high,complete,"The best final neural model so far, but still below the expected-spawn heuristic. Its best intermediate evaluation occurred early and did not persist.",2026-09-26T12:01:33-04:00,,historical_source_unavailable
2026-09-26_133136_baseline_s42,200064,124.218,42,64-64,log_score_gain_v1,log1p(official score gain) for a legal move; -1 otherwise,128,64,2,0.0003,0.99,100,100042,495.57,495.57,460.8,300,1414.15,0.326,medium,trim later,Held-out mean 460.8 and tile-192 rate 1.3% over 300 games. This is a reproducible control but remains below the position and expected-spawn heuristics.,2026-09-26T13:31:37-04:00,,snapshot_saved
2026-09-26_133136_baseline_s43,200064,125.934,43,64-64,log_score_gain_v1,log1p(official score gain) for a legal move; -1 otherwise,128,64,2,0.0003,0.99,100,100042,523.74,558.18,517.65,300,1414.15,0.366,medium,trim later,Held-out mean 517.7 and tile-192 rate 2.0% over 300 games. This control reproduces the seed-dependent variation seen in the earlier PPO comparison.,2026-09-26T13:33:45-04:00,,snapshot_saved
2026-09-26_133136_score_survival_s42,200064,126.059,42,64-64,scaled_score_survival_v1,official score gain / 27 + 0.05 per legal move; -1 otherwise,128,64,2,0.0003,0.99,100,100042,432.87,563.85,444.09,300,1414.15,0.314,medium,trim later,"Held-out mean 444.1, 16.7 points below its control; tile-192 rate falls from 1.3% to 0.3%. Explained variance improves, but this does not translate into better play.",2026-09-26T13:40:42-04:00,,snapshot_saved
2026-09-26_133136_score_survival_s43,200064,134.58,43,64-64,scaled_score_survival_v1,official score gain / 27 + 0.05 per legal move; -1 otherwise,128,64,2,0.0003,0.99,100,100042,388.98,435.57,367.41,300,1414.15,0.26,high,trim later,"Held-out mean 367.4, 150.2 points below its control; tile-192 rate falls from 2.0% to 0.3%. Explained variance rises to about 0.25 late in training, showing that easier value prediction alone did not improve the policy.",2026-09-26T13:42:51-04:00,,snapshot_saved
2026-09-26_133136_stronger_updates_s42,200192,138.005,42,64-64,log_score_gain_v1,log1p(official score gain) for a legal move; -1 otherwise,512,128,8,0.0003,0.99,100,100042,489.57,639.12,496.57,300,1414.15,0.351,high,complete,"Held-out mean 496.6, 35.8 points above its seed-matched control; tile-192 rate remains 1.3%. The gain is modest and uncertain at two training seeds. Best periodic mean 639.1 exceeds the final periodic mean 489.6.",2026-09-26T13:35:55-04:00,,snapshot_saved
2026-09-26_133136_stronger_updates_s43,200192,140.454,43,64-64,log_score_gain_v1,log1p(official score gain) for a legal move; -1 otherwise,512,128,8,0.0003,0.99,100,100042,612.69,612.69,555.91,300,1414.15,0.393,high,complete,"Held-out mean 555.9, 38.3 points above its seed-matched control; tile-192 rate remains 2.0%. This is the strongest neural result in the batch, still below the position heuristic. Periodic evaluation and held-out evaluation differ substantially.",2026-09-26T13:38:17-04:00,,snapshot_saved
2026-09-26_142800_article_merge_256_s52,300032,198.621,52,256-256,rank_weighted_merges_v1,"sum of merged tile levels (3=1, 6=2, 12=3, ...) per legal move; -1 otherwise",512,128,8,0.0003,0.995,100,120000,510.39,510.39,502.48,300,1358.73,0.37,medium,trim later,Held-out mean 502.5 on 300 games versus 505.1 for the 64-64 seed-52 policy; no game reached tile 384. The larger network did not improve this matched-seed comparison.,2026-09-26T14:34:04-04:00,,snapshot_saved
2026-09-26_142800_article_merge_256_s53,300032,198.638,53,256-256,rank_weighted_merges_v1,"sum of merged tile levels (3=1, 6=2, 12=3, ...) per legal move; -1 otherwise",512,128,8,0.0003,0.995,100,120000,473.55,549.24,464.81,300,1358.73,0.342,medium,trim later,"Held-out mean 464.8 on 300 games versus 416.0 for the 64-64 seed-53 policy, but still below spawn (1,358.7) and prior stronger-updates seed 43 (560.6). No game reached tile 384. The width benefit did not repeat at seed 52.",2026-09-26T14:37:26-04:00,,snapshot_saved
2026-09-26_142800_article_merge_64_s52,300032,177.041,52,64-64,rank_weighted_merges_v1,"sum of merged tile levels (3=1, 6=2, 12=3, ...) per legal move; -1 otherwise",512,128,8,0.0003,0.995,100,120000,517.47,540.78,505.06,300,1358.73,0.372,medium,trim later,"Held-out mean 505.1 on 300 games; no game reached tile 384. The final tracking mean was 517.5 after 300,032 transitions. This is below the same-seed spawn heuristic (1,358.7) and prior stronger-updates seed 43 (560.6).",2026-09-26T14:28:01-04:00,,snapshot_saved
2026-09-26_142800_article_merge_64_s53,300032,178.005,53,64-64,rank_weighted_merges_v1,"sum of merged tile levels (3=1, 6=2, 12=3, ...) per legal move; -1 otherwise",512,128,8,0.0003,0.995,100,120000,472.89,476.46,415.99,300,1358.73,0.306,medium,trim later,"Held-out mean 416.0 on 300 games, 89.1 below the seed-52 counterpart; no game reached tile 384. Tracking stayed near 473 points late in training. Mean policy entropy fell from about 1.27 to 0.03 nats, suggesting an almost deterministic policy without a clear late score gain.",2026-09-26T14:31:02-04:00,,snapshot_saved
2026-09-26_150000_recurrent_initial_gpu_check_s71,24576,8.872,71,LSTM-1024,published_merge,"Published rank*0.0625 merges, invalid -0.05, death -1; clipped to [-1,1]",64,2048,4,0.0003,0.999,8,700000,804.375,804.375,,,,,medium,trim later,Initial full-size CUDA integration and sequence-fusion throughput check only. Eight-game scores do not establish playing strength. This checkpoint format predates explicit recurrent-memory restoration and cannot be continued exactly. Superseded for continuation by the later recurrent_gpu_check run; retain engineering records and review bulky checkpoints during cleanup.,2026-09-26T15:13:25-04:00,,snapshot_saved
2026-09-26_152600_recurrent_gpu_check_s71,32768,9.374,71,LSTM-1024,published_merge,"Published rank*0.0625 merges, invalid -0.05, death -1; clipped to [-1,1]",64,2048,4,0.0003,0.999,8,700000,353.625,792.75,317.625,8,277453.125,0.0011447879709410374,high,complete,"Engineering validation of the full 13,995,453-parameter model on RTX 3060: 16,384 transitions followed by two 8,192-transition checkpoint continuations, finite optimization metrics, about 3,400-3,650 transitions/s including tracking. Separate CPU tests verify exact next-update equality after restoration. Eight-game validation is insufficient for a policy-performance conclusion. Keep as a known working pipeline checkpoint; proceed to the user-launched controlled pilots.",2026-09-26T15:26:30-04:00,,snapshot_saved
2026-09-26_153305_recurrent_base_s71,2007040,403.031,71,LSTM-1024,published_merge,"Published rank*0.0625 merges, invalid -0.05, death -1; clipped to [-1,1]",64,2048,4,0.0003,0.999,100,700000,410.16,548.61,459.41,300,284310.88,0.0016158720341620412,high,complete,"A necessary from-scratch control for the published-architecture pipeline. After 2,007,040 transitions, the selected checkpoint averaged 459.41 on 300 shared validation games, reached tile 192 in 5/300 and tile 384 in 0/300. Periodic 100-game validation peaked at 548.61 at 1,531,904 transitions and ended at 410.16; the cumulative training invalid-action rate was 25.10%. The value explained variance was about 0.66 at the end, so the value objective learned some signal while playing strength remained far below the published reference. Keep model, source, and metrics as the paired baseline; do not extrapolate this curve to the publication result.",2026-09-26T15:33:06-04:00,,snapshot_saved
2026-09-26_153305_recurrent_shaped_s71,2007040,389.697,71,LSTM-1024,published_merge_shaped,"Published rank*0.0625 merges, invalid -0.05, death -1; clipped to [-1,1]",64,2048,4,0.0003,0.999,100,700000,528.6,528.6,520.0,300,284310.88,0.0018289838222160192,high,complete,"Structural-reward pilot paired with base at training seed 71. After 2,007,040 transitions, its selected checkpoint averaged 520.00 on 300 shared validation games, versus 459.41 for base; both reached tile 192 in 5/300 and tile 384 in 0/300. The paired difference of +60.59 had an approximate 95% bootstrap interval of -9.5 to +132.2. A later source audit found that this run omitted the +0.01 corner reward when the two largest tiles had equal rank; its archived source snapshot preserves that actual recipe. The correction is now in current code. Keep the run for interpreting this pilot, but do not continue it under corrected code as one continuous reward condition or describe it as an exact published-shaping test.",2026-09-26T15:39:52-04:00,,snapshot_saved
2026-09-26_162000_recurrent_v2_gpu_check_s76,16384,8.55,76,LSTM-1024,published_merge_shaped,"Published rank*0.0625 merges, invalid -0.05, death -1; clipped to [-1,1]",64,2048,4,0.0003,0.999,2,710100,297.0,382.5,528.0,2,213937.5,0.0024680105170902717,high (engineering),keep reports and selected model; intermediate checkpoints eligible for later cleanup,"Engine-v2 CUDA smoke test: full 13,995,453-parameter network, curriculum, LR milestone at 4096, 8192 transitions then complete-state resume to 16384. LR remained 0.00015; curriculum appeared in 9% then 42% of actions. Two-game comparison verifies the reporting path only; it provides no playing-strength evidence. The CPU resume test checks exact next-update equality across an LR milestone.",2026-09-26T16:18:13-04:00,,snapshot_saved
2026-09-26_162446_recurrent_v2_control_s72,10002432,1858.664,72,LSTM-1024,published_merge_shaped,"Published rank*0.0625 merges, invalid -0.05, death -1; clipped to [-1,1]",64,2048,4,0.0003,0.999,100,700000,1156.56,1156.56,959.6,300,271896.76,0.00352928074611849,pending review,undecided,Review learning curves and independent evaluation.,2026-09-26T16:24:47-04:00,,snapshot_saved
2026-09-26_162446_recurrent_v2_curriculum_decay_s72,100007936,17838.182,72,LSTM-1024,published_merge_shaped,"Published rank*0.0625 merges, invalid -0.05, death -1; clipped to [-1,1]",64,2048,4,0.0003,0.999,100,700000,2132.7,3579.72,,,,,pending review,undecided,Review learning curves and independent evaluation.,2026-09-26T17:28:46-04:00,,snapshot_saved
2026-09-26_162446_recurrent_v2_curriculum_s72,60317696,40071.318,72,LSTM-1024,published_merge_shaped,"Published rank*0.0625 merges, invalid -0.05, death -1; clipped to [-1,1]",64,2048,4,0.0003,0.999,100,700000,1286.4,1982.16,,,,,pending review,undecided,Review learning curves and independent evaluation.,2026-09-26T16:55:50-04:00,,snapshot_saved
2026-09-27_100616_mask_lr_masked_lr_00005,105013248,1015.614,72,LSTM-1024,published_merge_shaped,"Published rank*0.0625 merges, invalid -0.05, death -1; clipped to [-1,1]",64,2048,4,5e-05,0.999,100,700000,4212.87,4212.87,,,,,pending review,undecided,Review learning curves and independent evaluation.,2026-09-27T10:54:21-04:00,,snapshot_saved
2026-09-27_100616_mask_lr_masked_lr_00015,105013248,1117.825,72,LSTM-1024,published_merge_shaped,"Published rank*0.0625 merges, invalid -0.05, death -1; clipped to [-1,1]",64,2048,4,0.00015,0.999,100,700000,3333.24,3560.19,,,,,pending review,undecided,Review learning curves and independent evaluation.,2026-09-27T10:20:03-04:00,,snapshot_saved
2026-09-27_100616_mask_lr_unmasked_lr_00005,105013248,935.86,72,LSTM-1024,published_merge_shaped,"Published rank*0.0625 merges, invalid -0.05, death -1; clipped to [-1,1]",64,2048,4,5e-05,0.999,100,700000,3225.18,3618.81,,,,,pending review,undecided,Review learning curves and independent evaluation.,2026-09-27T10:38:43-04:00,,snapshot_saved
2026-09-27_100616_mask_lr_unmasked_lr_00015,105013248,823.102,72,LSTM-1024,published_merge_shaped,"Published rank*0.0625 merges, invalid -0.05, death -1; clipped to [-1,1]",64,2048,4,0.00015,0.999,100,700000,2946.93,3106.08,,,,,pending review,undecided,Review learning curves and independent evaluation.,2026-09-27T10:06:17-04:00,,snapshot_saved
2026-09-27_112611_mask_lr_extension_masked_lr_00005,125018112,3913.345,72,LSTM-1024,published_merge_shaped,"Published rank*0.0625 merges, invalid -0.05, death -1; clipped to [-1,1]",64,2048,4,5e-05,0.999,100,700000,4067.43,5205.09,,,,,pending review,undecided,Review learning curves and independent evaluation.,2026-09-27T11:26:11-04:00,,snapshot_saved
2026-09-27_125618_mask_lr_extension_masked_lr_00005,225026048,19181.102,72,LSTM-1024,published_merge_shaped,"Published rank*0.0625 merges, invalid -0.05, death -1; clipped to [-1,1]",64,2048,4,5e-05,0.999,100,700000,6630.54,7393.23,,,,,pending review,undecided,Review learning curves and independent evaluation.,2026-09-27T12:56:19-04:00,,snapshot_saved
2026-09-27_185554_mask_lr_probe_masked_lr_00005,230031360,1034.18,72,LSTM-1024,published_merge_shaped,"Published rank*0.0625 merges, invalid -0.05, death -1; clipped to [-1,1]",64,2048,4,5e-05,0.999,100,700000,7369.14,7817.88,,,,,pending review,undecided,Review learning curves and independent evaluation.,2026-09-27T18:55:55-04:00,,snapshot_saved
2026-09-27_185554_mask_lr_probe_masked_lr_00010,230031360,948.416,72,LSTM-1024,published_merge_shaped,"Published rank*0.0625 merges, invalid -0.05, death -1; clipped to [-1,1]",64,2048,4,0.0001,0.999,100,700000,6164.91,7107.69,,,,,pending review,undecided,Review learning curves and independent evaluation.,2026-09-27T19:13:13-04:00,,snapshot_saved
2026-09-27_193437_masked_lr_00010_long_masked_lr_00010,330039296,19657.373,72,LSTM-1024,published_merge_shaped,"Published rank*0.0625 merges, invalid -0.05, death -1; clipped to [-1,1]",64,2048,4,0.0001,0.999,100,700000,6298.05,7968.9,,,,,pending review,undecided,Review learning curves and independent evaluation.,2026-09-27T19:34:37-04:00,,snapshot_saved
2026-09-28_181141_plateau_lr_probe_masked_lr_00005,340041728,1839.136,72,LSTM-1024,published_merge_shaped,"Published rank*0.0625 merges, invalid -0.05, death -1; clipped to [-1,1]",64,2048,4,5e-05,0.999,100,700000,8359.65,8359.65,,,,,pending review,undecided,Review learning curves and independent evaluation.,2026-09-28T18:42:34-04:00,,snapshot_saved
2026-09-28_181141_plateau_lr_probe_masked_lr_00010,340041728,1839.17,72,LSTM-1024,published_merge_shaped,"Published rank*0.0625 merges, invalid -0.05, death -1; clipped to [-1,1]",64,2048,4,0.0001,0.999,100,700000,7412.25,7752.39,,,,,pending review,undecided,Review learning curves and independent evaluation.,2026-09-28T18:11:52-04:00,,snapshot_saved
