seed,score,max_tile,moves,actions,truncated
800000,768,96,57,57,False
800001,1119,96,93,93,False
800002,180,24,35,35,False
800003,591,48,78,78,False
800004,876,96,73,73,False
800005,96,12,25,25,False
800006,1434,96,123,123,False
800007,1356,96,112,112,False
800008,1284,96,112,112,False
800009,900,96,76,76,False
800010,147,24,29,29,False
800011,420,48,57,57,False
800012,924,96,80,80,False
800013,975,96,87,87,False
800014,1206,96,107,107,False
800015,984,96,89,89,False
800016,636,48,75,75,False
800017,405,48,56,56,False
800018,144,12,32,32,False
800019,1212,96,106,106,False
800020,333,48,44,44,False
800021,2925,192,167,167,False
800022,393,48,53,53,False
800023,747,48,90,90,False
800024,933,96,84,84,False
800025,1218,96,105,105,False
800026,1203,96,105,105,False
800027,474,48,63,63,False
800028,483,48,65,65,False
800029,735,48,86,86,False
800030,1512,96,128,128,False
800031,183,24,36,36,False
800032,294,24,49,49,False
800033,417,48,57,57,False
800034,90,12,22,22,False
800035,177,24,36,36,False
800036,882,96,76,76,False
800037,522,48,71,71,False
800038,1374,96,116,116,False
800039,486,48,64,64,False
800040,162,24,33,33,False
800041,276,24,49,49,False
800042,552,48,71,71,False
800043,1005,96,87,87,False
800044,552,48,73,73,False
800045,1386,96,119,119,False
800046,900,96,79,79,False
800047,1152,96,107,107,False
800048,378,24,60,60,False
800049,462,48,61,61,False
800050,1404,96,123,123,False
800051,153,24,31,31,False
800052,1077,96,88,88,False
800053,954,96,83,83,False
800054,720,48,83,83,False
800055,1197,96,104,104,False
800056,3342,192,203,203,False
800057,2418,192,130,130,False
800058,444,48,61,61,False
800059,582,48,75,75,False
800060,141,12,32,32,False
800061,498,48,68,68,False
800062,660,48,82,82,False
800063,1563,96,133,133,False
800064,429,48,61,61,False
800065,1605,96,118,118,False
800066,732,48,86,86,False
800067,1245,96,109,109,False
800068,417,48,57,57,False
800069,258,24,47,47,False
800070,972,96,86,86,False
800071,669,48,80,80,False
800072,2376,192,120,120,False
800073,1242,96,108,108,False
800074,78,12,21,21,False
800075,1548,96,133,133,False
800076,1284,96,111,111,False
800077,1227,96,110,110,False
800078,324,24,55,55,False
800079,78,12,22,22,False
800080,192,24,38,38,False
800081,894,96,75,75,False
800082,1140,96,96,96,False
800083,267,24,48,48,False
800084,720,48,86,86,False
800085,180,24,36,36,False
800086,183,24,37,37,False
800087,393,48,54,54,False
800088,270,24,49,49,False
800089,471,48,61,61,False
800090,186,24,37,37,False
800091,483,48,63,63,False
800092,933,96,81,81,False
800093,576,48,75,75,False
800094,1260,96,108,108,False
800095,186,24,38,38,False
800096,972,96,85,85,False
800097,1494,96,128,128,False
800098,222,24,39,39,False
800099,1650,96,123,123,False
800100,1110,96,93,93,False
800101,1521,96,120,120,False
800102,489,48,65,65,False
800103,483,48,68,68,False
800104,1206,96,105,105,False
800105,1161,96,98,98,False
800106,273,24,50,50,False
800107,867,96,72,72,False
800108,369,48,51,51,False
800109,507,48,69,69,False
800110,492,48,66,66,False
800111,1251,96,115,115,False
800112,465,48,65,65,False
800113,1149,96,100,100,False
800114,1176,96,101,101,False
800115,954,96,83,83,False
800116,945,96,80,80,False
800117,936,96,82,82,False
800118,396,48,52,52,False
800119,669,48,77,77,False
800120,1059,96,91,91,False
800121,2757,192,152,152,False
800122,2736,192,151,151,False
800123,1386,96,117,117,False
800124,1176,96,106,106,False
800125,1296,96,116,116,False
800126,183,24,36,36,False
800127,495,48,67,67,False
800128,315,48,41,41,False
800129,1236,96,105,105,False
800130,2004,96,151,151,False
800131,507,48,67,67,False
800132,909,96,77,77,False
800133,1305,96,109,109,False
800134,1695,96,142,142,False
800135,1377,96,114,114,False
800136,927,96,81,81,False
800137,1503,96,127,127,False
800138,1404,96,115,115,False
800139,2907,192,154,154,False
800140,1224,96,107,107,False
800141,468,48,61,61,False
800142,2595,192,138,138,False
800143,3306,192,190,190,False
800144,447,48,61,61,False
800145,504,48,68,68,False
800146,696,48,85,85,False
800147,1026,96,92,92,False
800148,414,48,58,58,False
800149,963,96,86,86,False
800150,849,96,72,72,False
800151,978,96,87,87,False
800152,2694,192,147,147,False
800153,927,96,80,80,False
800154,513,48,68,68,False
800155,831,48,98,98,False
800156,1062,96,89,89,False
800157,1653,96,144,144,False
800158,318,24,58,58,False
800159,408,48,55,55,False
800160,657,48,78,78,False
800161,1386,96,117,117,False
800162,528,48,70,70,False
800163,729,48,86,86,False
800164,2787,192,155,155,False
800165,333,48,46,46,False
800166,1257,96,107,107,False
800167,450,48,63,63,False
800168,180,24,37,37,False
800169,1143,96,100,100,False
800170,999,96,92,92,False
800171,642,48,72,72,False
800172,1542,96,133,133,False
800173,282,24,51,51,False
800174,1338,96,111,111,False
800175,1110,96,100,100,False
800176,1218,96,103,103,False
800177,2331,192,111,111,False
800178,351,48,47,47,False
800179,477,48,63,63,False
800180,474,48,60,60,False
800181,336,24,57,57,False
800182,1197,96,106,106,False
800183,1533,96,131,131,False
800184,1551,96,135,135,False
800185,258,24,46,46,False
800186,510,48,72,72,False
800187,135,12,31,31,False
800188,2940,192,162,162,False
800189,408,48,55,55,False
800190,1224,96,106,106,False
800191,1644,96,131,131,False
800192,921,96,80,80,False
800193,1359,96,111,111,False
800194,399,48,53,53,False
800195,318,48,44,44,False
800196,2433,192,131,131,False
800197,1113,96,100,100,False
800198,1272,96,111,111,False
800199,2703,192,142,142,False
800200,225,24,40,40,False
800201,522,48,70,70,False
800202,165,24,33,33,False
800203,948,96,82,82,False
800204,738,48,87,87,False
800205,567,48,73,73,False
800206,1011,96,93,93,False
800207,471,48,60,60,False
800208,978,96,85,85,False
800209,981,96,88,88,False
800210,1179,96,99,99,False
800211,1245,96,111,111,False
800212,585,48,78,78,False
800213,1296,96,115,115,False
800214,897,48,101,101,False
800215,474,48,67,67,False
800216,1494,96,131,131,False
800217,510,48,68,68,False
800218,2505,192,135,135,False
800219,1242,96,110,110,False
800220,1308,96,115,115,False
800221,1326,96,112,112,False
800222,1041,96,95,95,False
800223,1254,96,115,115,False
800224,546,48,78,78,False
800225,504,48,66,66,False
800226,906,96,79,79,False
800227,261,24,47,47,False
800228,1644,96,140,140,False
800229,489,48,65,65,False
800230,183,24,37,37,False
800231,3825,192,222,222,False
800232,282,24,51,51,False
800233,1149,96,102,102,False
800234,453,48,63,63,False
800235,210,24,43,43,False
800236,243,24,43,43,False
800237,1209,96,106,106,False
800238,432,48,60,60,False
800239,594,48,81,81,False
800240,1263,96,111,111,False
800241,354,24,60,60,False
800242,189,24,38,38,False
800243,867,96,77,77,False
800244,1146,96,95,95,False
800245,972,96,86,86,False
800246,174,24,34,34,False
800247,1080,96,101,101,False
800248,477,48,63,63,False
800249,1215,96,105,105,False
800250,4290,192,216,216,False
800251,225,24,40,40,False
800252,3114,192,162,162,False
800253,573,48,77,77,False
800254,1227,96,105,105,False
800255,3555,192,185,185,False
800256,315,48,41,41,False
800257,561,48,76,76,False
800258,3027,192,172,172,False
800259,252,24,45,45,False
800260,339,48,46,46,False
800261,177,24,35,35,False
800262,1251,96,108,108,False
800263,1353,96,124,124,False
800264,387,48,52,52,False
800265,69,12,18,18,False
800266,1137,96,98,98,False
800267,1764,96,124,124,False
800268,1146,96,94,94,False
800269,3279,192,174,174,False
800270,177,24,35,35,False
800271,1422,96,128,128,False
800272,1074,96,88,88,False
800273,273,24,48,48,False
800274,333,24,56,56,False
800275,1872,96,140,140,False
800276,381,48,47,47,False
800277,336,48,44,44,False
800278,2544,192,142,142,False
800279,1122,96,95,95,False
800280,1230,96,106,106,False
800281,630,48,76,76,False
800282,459,48,63,63,False
800283,483,48,65,65,False
800284,420,48,56,56,False
800285,1464,96,122,122,False
800286,705,48,79,79,False
800287,489,48,62,62,False
800288,1386,96,116,116,False
800289,2682,192,142,142,False
800290,390,48,52,52,False
800291,2808,192,154,154,False
800292,447,48,62,62,False
800293,1095,96,91,91,False
800294,201,24,40,40,False
800295,240,24,43,43,False
800296,447,48,62,62,False
800297,1305,96,116,116,False
800298,441,48,58,58,False
800299,1242,96,106,106,False
